,is_trading_day,btc_holdings,btc_price,preferred_shares,dividend_reserve,quarterly_dividend,shares_outstanding,btc_purchased,stock_price,volume,mnav,market_cap,weekly_revenue,dividend_dilution
2025-09-04,True,2440.0,110723.6015625,0,0.0,0.0,274683205.0,0.0,2.6723660656918167,6009194.5362668075,2.717052463272695,2430604693.9189086,0.0,
2025-09-05,True,2440.0,110650.984375,0,0.0,0.0,274683205.0,0.0,2.612676139354439,6549423.353191514,2.6581077209278323,2429010601.292712,0.0,
2025-09-06,False,2440.0,110224.6953125,0,0.0,0.0,274683205.0,0.0,2.612676139354439,0.0,2.670482269611348,2419652703.0518937,0.0,
2025-09-07,False,2440.0,111167.6171875,0,0.0,0.0,274683205.0,0.0,2.612676139354439,0.0,2.7457122229795954,2440351725.6905327,0.0,
2025-09-08,True,2470.539386223287,112071.4296875,0,0.0,0.0,275931104.6520935,30.539386223286964,2.74268261080178,6239498.260467641,2.7550083567440145,2460192219.261206,0.0,
2025-09-09,True,2470.539386223287,111530.546875,0,0.0,0.0,275931104.6520935,0.0,2.7653354477623306,6874529.958249853,2.769254477942966,2478962263.810325,0.0,
2025-09-10,True,2504.6008369052875,113955.359375,0,0.0,0.0,277236282.6737371,34.061450682000505,2.973912208859732,6525890.108217853,2.914756412131236,2532857979.851712,243544.0365242031,
2025-09-11,True,2542.933472262903,115507.5390625,0,0.0,0.0,278680370.6923664,38.33263535761544,3.0660931458602914,7220440.093146611,2.938235210190051,2602754191.5854654,250264.82611398707,
2025-09-12,True,2542.933472262903,116101.578125,0,0.0,0.0,278680370.6923664,0.0,3.1123287416490233,7095648.527769694,2.9377762906923497,2656179517.6716127,255401.87669919353,
2025-09-13,False,2542.933472262903,115950.5078125,0,0.0,0.0,278680370.6923664,0.0,3.1123287416490233,0.0,2.924326378569533,2652723321.155845,255069.55011113896,
2025-09-14,False,2542.933472262903,115407.65625,0,0.0,0.0,278680370.6923664,0.0,3.1123287416490233,0.0,2.9507121001696226,2640303927.5116343,253875.37764534945,
2025-09-15,True,2542.933472262903,115444.875,0,0.0,0.0,278680370.6923664,0.0,3.0683904842364647,6548391.29191072,2.912777763946763,2641155420.514743,253957.25197257142,
2025-09-16,True,2542.933472262903,116843.1875,0,0.0,0.0,278680370.6923664,0.0,3.129193522878748,7480482.427942658,2.9349479774811096,2673146105.5836864,257033.27938304676,
2025-09-17,True,2542.933472262903,116468.5078125,0,0.0,0.0,278680370.6923664,0.0,3.129758744927464,6274992.5963103175,2.9449215588547544,2664574159.1235476,256209.05376187956,
2025-09-18,True,2542.933472262903,117137.203125,0,0.0,0.0,278680370.6923664,0.0,3.1652890273597647,7106836.025970704,2.961351116934961,2679872614.332427,257680.05907042566,
2025-09-19,True,2542.933472262903,115688.859375,0,0.0,0.0,278680370.6923664,0.0,3.058429797300942,7306449.765710613,2.8971992104461983,2646737311.0451984,254493.97221588445,
2025-09-20,False,2542.933472262903,115721.9609375,0,0.0,0.0,278680370.6923664,0.0,3.058429797300942,0.0,2.8549008419670905,2647494610.762699,254566.78949641337,
2025-09-21,False,2542.933472262903,115306.09375,0,0.0,0.0,278680370.6923664,0.0,3.058429797300942,0.0,2.815717328197512,2637980373.976702,253651.95903622138,
2025-09-22,True,2542.933472262903,112748.5078125,0,0.0,0.0,278680370.6923664,0.0,2.8009609549654564,6775598.61516441,2.7224983997740884,2579467755.185609,248025.74569092394,
2025-09-23,True,2542.933472262903,112014.5,0,0.0,0.0,278680370.6923664,0.0,2.739575122529697,6117699.061240875,2.6802811393512815,2562675076.318881,246411.06503066164,
2025-09-24,True,2542.933472262903,112014.5,0,0.0,0.0,278680370.6923664,0.0,2.6780328295486493,6030556.405692819,2.6200708367415766,2562675076.318881,246411.06503066164,
2025-09-25,True,2542.933472262903,111936.6328125,0,0.0,0.0,278680370.6923664,0.0,2.629275013107099,6840257.2601587325,2.5741577427335107,2560893625.6971374,246239.7717016478,
2025-09-26,True,2542.933472262903,111936.6328125,0,0.0,0.0,278680370.6923664,0.0,2.5943510287278393,6721054.320795603,2.5399658668936613,2560893625.6971374,246239.7717016478,
2025-09-27,False,2542.933472262903,98504.236875,0,0.0,0.0,278680370.6923664,0.0,2.5943510287278393,0.0,2.5184397668255056,2253586390.613481,216690.9990974501,
2025-09-28,False,2542.933472262903,110324.74530000001,0,0.0,0.0,278680370.6923664,0.0,2.5943510287278393,0.0,2.487044599021211,2524016757.487099,242693.91898914415,
2025-09-29,True,2572.9063458799774,123563.71473600002,0,0.0,0.0,280018246.06892294,29.97287361707438,2.7682396061213828,6689376.882782675,2.455184326356035,2826898768.385551,271817.18926784146,
2025-09-30,True,2572.9063458799774,116454.15463516439,0,0.0,0.0,280018246.06892294,0.0,2.610434840784729,6871899.980758631,2.4396089785134216,2695648535.459123,259196.9745633772,
2025-10-01,True,2603.5227673271047,127258.90164997746,0,0.0,0.0,281400751.4619595,30.616421447127337,2.8182256542642308,6912526.965182713,2.4101825970355835,2945753828.46249,283245.56042908557,
2025-10-02,True,2603.5227673271047,111987.83345198016,0,0.0,0.0,281400751.4619595,0.0,2.45305554480899,6033575.031061605,2.367556829457339,2623110130.3120418,252222.1279146194,
2025-10-03,True,2628.4807651399015,120667.82818444842,0,0.0,0.0,282563719.3901744,24.957997812796577,2.5896048539575744,5814839.64107467,2.319561422369886,2826423127.9115148,271771.4546068764,
2025-10-04,False,2628.4807651399015,121286.42711617584,0,0.0,0.0,282563719.3901744,0.0,2.5896048539575744,0.0,2.3299772072054674,2868146351.027058,275783.30298337096,
2025-10-05,False,2628.4807651399015,135840.79837011694,0,0.0,0.0,282563719.3901744,0.0,2.5896048539575744,0.0,2.3555111898197394,3212323913.150305,308877.2993413755,
2025-10-06,True,2655.5674402467325,135884.98082282674,0,0.0,0.0,283781895.7092929,27.08667510683092,3.021461072326004,6090881.595592385,2.390326031731532,3213368727.0139174,308977.7622128767,
2025-10-07,True,2655.5674402467325,133195.33260612315,0,0.0,0.0,283781895.7092929,0.0,3.059648078381817,6818189.914895993,2.454764422894307,3182223245.8184586,305983.00440562103,
2025-10-08,True,2655.5674402467325,130703.62722952318,0,0.0,0.0,283781895.7092929,0.0,3.115481477882389,6961882.883764441,2.5472107794090935,3122692910.8134413,300258.93373206165,
2025-10-09,True,2655.5674402467325,122817.35193734209,0,0.0,0.0,283781895.7092929,0.0,2.9786423798820327,6431541.565500479,2.5917074992325824,2934278736.933081,282142.1862435655,
2025-10-10,True,2655.5674402467325,108079.26970486104,0,0.0,0.0,283781895.7092929,0.0,2.7241431686612283,7419728.169596364,2.6934869598217492,2582165288.5011115,248285.12389433765,
2025-10-11,False,2655.5674402467325,121048.78206944438,0,0.0,0.0,283781895.7092929,0.0,2.7241431686612283,0.0,2.768490173627584,2892025123.1212454,278079.33876165823,
2025-10-12,False,2655.5674402467325,114012.4542866561,0,0.0,0.0,283781895.7092929,0.0,2.7241431686612283,0.0,2.832022536187114,2723917386.9305124,261915.1333587031,
2025-10-13,True,2696.302973835597,120707.47806245933,0,0.0,0.0,285253051.33756006,40.73553358886443,3.34232723755555,7355778.141335726,2.958980766410321,2883870891.8605256,277295.27806351206,
2025-10-14,True,2742.4872921795068,121807.43034286871,0,0.0,0.0,286801538.624598,46.18431834390938,3.632960494218494,7742436.435189984,3.155356993175834,2954791045.1261334,284114.5235698205,
2025-10-15,True,2742.4872921795068,115989.49579029898,0,0.0,0.0,286801538.624598,0.0,3.6478215625915156,7169481.06549523,3.2889084045614445,2861854740.7438245,275178.34045613697,
2025-10-16,True,2790.5926180934653,129341.96667486294,0,0.0,0.0,288260023.8941889,48.105325913958616,4.266095510852911,7292426.347954289,3.4492761633373914,3191305540.070683,306856.30192987336,
2025-10-17,True,2847.609496335014,130783.9729078455,0,0.0,0.0,289858984.5185439,57.01687824154837,4.663588174499624,7994803.121775079,3.683440369591651,3283486758.3247137,315719.88060814556,
2025-10-18,False,2847.609496335014,140929.84068959407,0,0.0,0.0,289858984.5185439,0.0,4.663588174499624,0.0,3.8520707401638554,3610502878.979201,347163.7383633847,
2025-10-19,False,2847.609496335014,137119.8769826241,0,0.0,0.0,289858984.5185439,0.0,4.663588174499624,0.0,4.0569081069593835,3512894843.1969175,337778.3503073959,
2025-10-20,True,2914.572966190781,136517.6112090073,0,0.0,0.0,291475374.5942439,66.96346985576712,5.65562303333042,8081950.378500064,4.216946662928769,3497465305.3579903,336294.7408998068,
2025-10-21,True,2992.561706331955,144667.8552644886,0,0.0,0.0,293261180.7838323,77.9887401411745,6.317854555988196,8929030.947942201,4.367415564885888,3793423037.893959,364752.2151821114,
2025-10-22,True,2992.561706331955,127307.71263274997,0,0.0,0.0,293261180.7838323,0.0,5.916025353520289,8194711.325675375,4.553934460038703,3427536840.8020563,329570.8500771208,
2025-10-23,True,3081.8181204438774,133054.45212616373,0,0.0,0.0,295129324.0905295,89.25641411192217,6.357094359856087,9340716.533486096,4.682100283412178,3582257720.7929573,344447.8577685536,
2025-10-24,True,3081.8181204438774,121303.49373924782,0,0.0,0.0,295129324.0905295,0.0,6.030261222153588,8340055.857186553,4.760671061307459,3363292322.4391894,323393.49254222977,
2025-10-25,False,3081.8181204438774,135859.91298795756,0,0.0,0.0,295129324.0905295,0.0,6.030261222153588,0.0,4.861415954133034,3766887401.131892,362200.7116472973,
2025-10-26,False,3081.8181204438774,141241.9080891369,0,0.0,0.0,295129324.0905295,0.0,6.030261222153588,0.0,4.884304406856117,3916110001.777773,376549.03863247816,
2025-10-27,True,3173.915042345519,146656.95768978648,0,0.0,0.0,296935476.17712784,92.09692190164171,7.478137903728145,9030760.43299164,4.883106057133224,4066249080.101775,390985.48847132456,
2025-10-28,True,3265.4659953482073,156817.24314622176,0,0.0,0.0,298692781.10480183,91.55095300268827,8.169764866188407,8786524.638370052,4.873966420515193,4477889932.823732,430566.33969458967,
2025-10-29,True,3265.4659953482073,137999.17396867517,0,0.0,0.0,298692781.10480183,0.0,7.363797753662807,9784897.285521667,4.880956377268575,4054207330.090661,389827.6278933328,
2025-10-30,True,3265.4659953482073,133735.03619330176,0,0.0,0.0,298692781.10480183,0.0,7.134100388705081,8614830.627064377,4.879480397803439,3928933401.7890353,377782.0578643303,
2025-10-31,True,3359.043242903785,143283.97251980746,0,0.0,0.0,300460517.4227884,93.57724755557788,7.584909372968311,8838681.589932729,4.842084267521706,4209466730.6209607,404756.4164058616,
2025-11-01,False,3359.043242903785,137726.26220810023,0,0.0,0.0,300460517.4227884,0.0,7.584909372968311,0.0,4.67883065990843,4162139748.803388,400205.74507724884,
2025-11-02,False,3359.043242903785,151841.9134329419,0,0.0,0.0,300460517.4227884,0.0,7.584909372968311,0.0,4.573579054839281,4588720069.079468,441223.08356533345,
2025-11-03,True,3359.043242903785,145089.960918267,0,0.0,0.0,300460517.4227884,0.0,7.134767081548396,8502252.35284375,4.398597795013346,4384673509.673831,421603.2220840222,
2025-11-04,True,3359.043242903785,145422.35807117895,0,0.0,0.0,300460517.4227884,0.0,7.023938477276029,9091163.221190047,4.3203738857045,4394718677.387985,422569.1035949986,
2025-11-05,True,3359.043242903785,132200.34272775814,0,0.0,0.0,300460517.4227884,0.0,6.2102136268973895,8231685.811762406,4.2019006025845815,3995144371.5305552,384148.49726255337,
2025-11-06,True,3359.043242903785,139308.7195349128,0,0.0,0.0,300460517.4227884,0.0,6.322552415218736,8202248.99930122,4.059625333815617,4209962207.89808,404804.05845173844,
2025-11-07,True,3430.7822669368297,152387.4607910102,0,0.0,0.0,302115965.1227407,71.73902403304456,6.603728835611037,8277238.4997614585,3.8762503217484228,4605206716.632858,442808.33813777484,
2025-11-08,False,3430.7822669368297,134100.965496089,0,0.0,0.0,302115965.1227407,0.0,6.603728835611037,0.0,3.7079198223319483,4139132827.0912504,397993.54106646637,
2025-11-09,False,3430.7822669368297,148077.29113847666,0,0.0,0.0,302115965.1227407,0.0,6.603728835611037,0.0,3.534388489091521,4570523220.549762,439473.38659132324,
2025-11-10,True,3430.7822669368297,139495.48837646484,0,0.0,0.0,302115965.1227407,0.0,5.395716523307881,7178843.307540503,3.4061948069066394,4305639061.0923,414003.75587425963,
2025-11-11,True,3430.7822669368297,137459.5617673502,0,0.0,0.0,302115965.1227407,0.0,5.036417551298704,7594698.78062802,3.2264674861616536,4242798569.0036683,407961.40086573735,
2025-11-12,True,3430.7822669368297,137386.1318428812,0,0.0,0.0,302115965.1227407,0.0,4.902828355033577,7887493.025358269,3.142565312084321,4240532096.0537076,407743.470774395,
2025-11-13,True,3430.7822669368297,120899.79602173547,0,0.0,0.0,302115965.1227407,0.0,4.136853388389611,7380238.502612041,3.013180031950484,3731668244.527263,358814.2542814676,
2025-11-14,True,3481.90572162452,135325.78153083578,0,0.0,0.0,303692221.95466024,51.12345468769055,4.389082616532096,7881284.159597686,2.856102116733651,4176937746.9724283,401628.6295165796,
2025-11-15,False,3481.90572162452,125321.69076062292,0,0.0,0.0,303692221.95466024,0.0,4.389082616532096,0.0,2.781915952961607,3925794436.722802,377480.23430026945,
2025-11-16,False,3481.90572162452,131246.3984799561,0,0.0,0.0,303692221.95466024,0.0,4.389082616532096,0.0,2.737668810301018,4111390277.8146224,395325.988251406,
2025-11-17,True,3481.90572162452,127644.47156036583,0,0.0,0.0,303692221.95466024,0.0,3.837386711914716,7378548.597420484,2.6221058474025107,3998557259.231916,384476.65954153036,
2025-11-18,True,3481.90572162452,125114.52680564325,0,0.0,0.0,303692221.95466024,0.0,3.7324641501918805,7010608.848302927,2.601983682819887,3919304872.9688144,376856.23778546293,
2025-11-19,True,3523.680122295001,133146.48679714784,0,0.0,0.0,305138471.9431706,41.77440067048117,3.845887454809866,7231249.942551902,2.5193210810133047,4170911946.4071846,401049.22561607545,
2025-11-20,True,3523.680122295001,128856.84232545148,0,0.0,0.0,305138471.9431706,0.0,3.669005517758928,6537074.681887597,2.465706447549783,4084964279.213121,392785.0268474155,
2025-11-21,True,3523.680122295001,128777.64943656948,0,0.0,0.0,305138471.9431706,0.0,3.6725407421529574,6245239.504438411,2.469600015919206,4082453740.2583203,392543.62887099234,
2025-11-22,False,3523.680122295001,126080.53169832355,0,0.0,0.0,305138471.9431706,0.0,3.6725407421529574,0.0,2.4278326818866365,3996950871.9687214,384322.19922776165,
2025-11-23,False,3523.680122295001,110950.86789452472,0,0.0,0.0,305138471.9431706,0.0,3.6725407421529574,0.0,2.416527857340307,3517316767.3324747,338203.53532043024,
2025-11-24,True,3523.680122295001,124264.9720418677,0,0.0,0.0,305138471.9431706,0.0,3.400398158363777,6284147.5305755045,2.3696354394837145,3939394779.412372,378787.95955888194,
2025-11-25,True,3563.1570548464383,139176.76868689185,0,0.0,0.0,306600963.1887934,39.47693255143722,3.7567896058342125,7312456.228114192,2.337494593614324,4412122152.941858,424242.5147059479,
2025-11-26,True,3563.1570548464383,125658.604256368,0,0.0,0.0,306600963.1887934,0.0,3.390700951731459,7096410.96957453,2.321858804556047,4028204394.8162093,387327.34565540473,
2025-11-27,True,3563.1570548464383,121911.55934528788,0,0.0,0.0,306600963.1887934,0.0,3.348426447890899,6921998.541117282,2.363384738812799,3908086374.504666,375777.536010064,
2025-11-28,True,3602.364879396288,134556.68156951902,0,0.0,0.0,308015258.7403794,39.20782454984986,3.730249138570566,7071477.75792981,2.3854544063013368,4313447688.344459,414754.5854177364,
2025-11-29,False,3602.364879396288,119634.90626322788,0,0.0,0.0,308015258.7403794,0.0,3.730249138570566,0.0,2.4151487257035695,3877304557.246603,372817.74588909646,
2025-11-30,False,3602.364879396288,133991.09501481525,0,0.0,0.0,308015258.7403794,0.0,3.730249138570566,0.0,2.4362215941531287,4342581104.116197,417555.8753957881,
2025-12-01,True,3602.364879396288,122863.66931303116,0,0.0,0.0,308015258.7403794,0.0,3.614578769287445,7065299.049719067,2.5154676914630136,3981947074.0362,382879.52634963463,
2025-12-02,True,3644.834190897661,137607.30963059491,0,0.0,0.0,309441050.35747063,42.4693115013727,4.098837184559984,7128958.085456315,2.5468519215687406,4459780722.920545,428825.0695115908,
2025-12-03,True,3684.8226726797184,138120.07539597372,0,0.0,0.0,310743633.1721061,39.98848178205762,4.240200359356009,6512914.073177395,2.6063319141961814,4529172744.798536,435497.37930755154,
2025-12-04,True,3727.43936077472,142582.04571166533,0,0.0,0.0,312103743.13980275,42.61668809500161,4.467561237222223,6800549.838483449,2.642355938955852,4726783778.290497,454498.4402202401,
2025-12-05,True,3727.43936077472,126068.26452966445,0,0.0,0.0,312103743.13980275,0.0,3.9678171845376626,7588843.2262549745,2.635325534432818,4227665942.3917537,406506.3406145917,
2025-12-06,False,3727.43936077472,141196.4562732242,0,0.0,0.0,312103743.13980275,0.0,3.9678171845376626,0.0,2.6321903084156912,4734985855.4787655,455287.10148834286,
2025-12-07,False,3727.43936077472,151855.34330961035,0,0.0,0.0,312103743.13980275,0.0,3.9678171845376626,0.0,2.6316318051445378,5092428816.049761,489656.61692786164,
2025-12-08,True,3773.0766574545055,143605.4520486545,0,0.0,0.0,313599894.90413976,45.63729667978515,4.3804143244005616,7480758.821685157,2.5540691562531403,4815770892.324861,463054.89349277504,
2025-12-09,True,3773.0766574545055,143106.45463397732,0,0.0,0.0,313599894.90413976,0.0,4.414385488544304,7400565.739955191,2.56384232400933,4857794662.970441,467095.6406702347,
2025-12-10,True,3773.0766574545055,125933.68007790005,0,0.0,0.0,313599894.90413976,0.0,3.7493881985063977,7712298.085546411,2.4745645843103388,4274859303.413988,411044.16378980654,
2025-12-11,True,3816.9018918515735,141045.72168724806,0,0.0,0.0,315099246.9500843,43.82523439706801,4.122688751028508,7496760.229722859,2.4294105358246396,4787842419.823667,460369.46344458335,
2025-12-12,True,3816.9018918515735,128563.00379087048,0,0.0,0.0,315099246.9500843,0.0,3.7502637758849597,7153156.967828077,2.4081424437832517,4414802807.997241,424500.2699997347,
2025-12-13,False,3816.9018918515735,113135.44333596603,0,0.0,0.0,315099246.9500843,0.0,3.7502637758849597,0.0,2.3319115296078152,3885026471.037572,373560.2375997665,
2025-12-14,False,3816.9018918515735,126711.69653628198,0,0.0,0.0,315099246.9500843,0.0,3.7502637758849597,0.0,2.283265060173516,4351229647.562081,418387.4661117386,
2025-12-15,True,3856.184056639804,141917.10012063582,0,0.0,0.0,316538631.3914787,39.282164788230794,3.873052085936136,7196922.206972083,2.2529677613969508,4873377205.269532,468593.9620451473,
2025-12-16,True,3856.184056639804,142904.25778010354,0,0.0,0.0,316538631.3914787,0.0,3.7909438269254694,6608121.266375196,2.177565093608177,4957779705.8942175,476709.5871052132,
2025-12-17,True,3856.184056639804,125755.7468464911,0,0.0,0.0,316538631.3914787,0.0,3.2138940856810914,7060669.6572063435,2.0978415615566943,4362846141.186912,419504.43665258767,
2025-12-18,True,3856.184056639804,121200.93670450627,0,0.0,0.0,316538631.3914787,0.0,3.005587972959529,6312596.514905748,2.035599959099149,4204826039.918259,404310.19614598644,
2025-12-19,True,3888.718872733051,127193.3178175509,0,0.0,0.0,317873468.60541356,32.53481609324682,3.100161697833742,6674186.069674226,2.0007324493309926,4412719813.929889,424299.98210864316,
2025-12-20,False,3888.718872733051,142456.51595565703,0,0.0,0.0,317873468.60541356,0.0,3.100161697833742,0.0,1.9656693019929126,4983944167.77936,479225.4007480154,
2025-12-21,False,3888.718872733051,132263.6694939882,0,0.0,0.0,317873468.60541356,0.0,3.100161697833742,0.0,1.8916708123790027,4627340067.679666,444936.5449691986,
2025-12-22,True,3916.386809059846,148135.3098332668,0,0.0,0.0,319106504.6150202,27.667936326795413,3.3239891522101255,6165180.048033207,1.8342086648300255,5182620875.801226,498328.9303655025,
2025-12-23,True,3916.386809059846,130359.07265327478,0,0.0,0.0,319106504.6150202,0.0,2.887719333060462,6025888.87645447,1.8049442650567826,4593155446.506023,441649.5621640407,
2025-12-24,True,3916.386809059846,126858.51167531699,0,0.0,0.0,319106504.6150202,0.0,2.749239283628792,5949845.288100587,1.765806075500609,4469814428.543286,429789.8488983929,
2025-12-25,True,3940.6328630526086,140846.20074595785,0,0.0,0.0,320240962.4048124,24.246053992762207,3.0102174084304356,5672288.9489608705,1.7414170975347139,4962665665.754299,477179.3909379134,
2025-12-26,True,3940.6328630526086,139658.1262561038,0,0.0,0.0,320240962.4048124,0.0,2.8898895617253255,5813057.390002125,1.6816125613421615,4951268611.182663,476083.5203060253,
2025-12-27,False,3940.6328630526086,137252.27755533837,0,0.0,0.0,320240962.4048124,0.0,2.8898895617253255,0.0,1.6193247602721779,4865974590.17088,467882.1721318154,
2025-12-28,False,3940.6328630526086,153722.550861979,0,0.0,0.0,320240962.4048124,0.0,2.8898895617253255,0.0,1.5603796474480425,5449891540.991386,524028.0327876333,
2025-12-29,True,3940.6328630526086,136805.82664288004,0,0.0,0.0,320240962.4048124,0.0,2.486695806462442,4278725.527882121,1.4771648838113702,4850146664.875396,466360.2562380188,
2025-12-30,True,3957.329013068772,153222.52584002566,0,0.0,0.0,321190877.6677145,16.69615001616312,2.693109982741913,4749576.314510396,1.428375458685876,5432164264.660444,522323.4869865812,
2025-12-31,True,3957.329013068772,148114.57545020396,0,0.0,0.0,321190877.6677145,0.0,2.6550646368209634,5166070.068931898,1.4549174183274232,5273321613.365578,507050.15513130557,
2026-01-01,True,3957.329013068772,148254.48847448922,0,0.0,0.0,321190877.6677145,0.0,2.6090049496466734,4149539.1715475125,1.4283284783589865,5278302935.242322,507529.1283886848,
2026-01-02,True,3957.329013068772,130463.94985755051,0,0.0,0.0,321190877.6677145,0.0,2.1625211098437473,4258739.0214227885,1.3453363472488065,4644906583.013244,446625.6329820427,
2026-01-03,False,3957.329013068772,135724.36475615075,0,0.0,0.0,321190877.6677145,0.0,2.1625211098437473,0.0,1.2981598885147376,4832193077.240714,464633.949734684,
2026-01-04,False,3957.329013068772,146077.45641693482,0,0.0,0.0,321190877.6677145,0.0,2.1625211098437473,0.0,1.3059453296941412,5200794086.655364,500076.3544860927,
2026-01-05,True,3970.6728994807727,163192.74296856645,0,0.0,0.0,322039778.99972314,13.343886412000975,2.565227952090405,4244506.660043358,1.275810477500284,5810149446.972403,558668.2160550387,
2026-01-06,True,3970.6728994807727,151523.79469515258,0,0.0,0.0,322039778.99972314,0.0,2.3402809670255618,4307770.088376959,1.2526581569044155,5412890627.8907795,520470.2526818057,
2026-01-07,True,3970.6728994807727,145142.60698944287,0,0.0,0.0,322039778.99972314,0.0,2.2001376656046645,3966145.9389650263,1.2294202008803095,5184935202.16679,498551.46174680674,
2026-01-08,True,3970.6728994807727,127725.49415070972,0,0.0,0.0,322039778.99972314,0.0,1.952991724476071,4204651.556841611,1.2401328726333631,4562742977.906775,438725.28633718996,
2026-01-09,True,3983.9979892384636,143052.5534487949,0,0.0,0.0,322868234.1564683,13.325089757691035,2.3008947427657738,4142275.783725697,1.3045073960907918,5110272135.255589,491372.32069765276,
2026-01-10,False,3983.9979892384636,160218.8598626503,0,0.0,0.0,322868234.1564683,0.0,2.3008947427657738,0.0,1.3222822467611373,5742712169.430964,552183.8624452851,
2026-01-11,False,3983.9979892384636,141624.70487453573,0,0.0,0.0,322868234.1564683,0.0,2.3008947427657738,0.0,1.314113446591917,5076243314.128472,488100.3186661993,
2026-01-12,True,3983.9979892384636,136707.54865120817,0,0.0,0.0,322868234.1564683,0.0,2.250651775539986,4229267.721353245,1.3342033213777138,4899998064.930571,471153.66008947795,
2026-01-13,True,3983.9979892384636,138220.59625831724,0,0.0,0.0,322868234.1564683,0.0,2.298442395469859,4316365.75767662,1.3476188265185196,4954230112.978612,476368.2800940973,
2026-01-14,True,3983.9979892384636,143817.87722765532,0,0.0,0.0,322868234.1564683,0.0,2.339218541614221,4148897.0836151154,1.318147867448307,5154853020.705566,495658.9442986121,
2026-01-15,True,3983.9979892384636,140149.4439619781,0,0.0,0.0,322868234.1564683,0.0,2.348136742680681,4456063.237740582,1.3578075308684314,5023365651.642962,483015.92804259254,
2026-01-16,True,3983.9979892384636,126080.42026629167,0,0.0,0.0,322868234.1564683,0.0,2.0781700456735024,4332650.9101814665,1.3357944687132834,4519090726.340828,434527.95445584884,
2026-01-17,False,3983.9979892384636,119733.61451267399,0,0.0,0.0,322868234.1564683,0.0,2.0781700456735024,0.0,1.3606217477889733,4291602659.8949666,412654.1019129776,
2026-01-18,False,3983.9979892384636,134101.64825419488,0,0.0,0.0,322868234.1564683,0.0,2.0781700456735024,0.0,1.3881675024837383,4806594979.082363,462172.59414253494,
2026-01-19,True,3999.234590408768,138322.36685924995,0,0.0,0.0,323737432.9664269,15.236601170304134,2.4247188475409827,4345994.049793155,1.4206110372726046,4957877868.735754,476719.0258399763,
2026-01-20,True,4016.5136654986845,142363.6709433144,0,0.0,0.0,324658051.8312898,17.27907508991658,2.6720205876641883,4603094.324314502,1.5193459082398273,5122245153.519709,492523.5724538181,
2026-01-21,True,4036.428361112285,149350.96868188388,0,0.0,0.0,325732988.21169907,19.914695613600614,2.7669349880629928,5374681.902046197,1.4975034812291526,5396865499.676486,518929.3749688929,
2026-01-22,True,4036.428361112285,133781.863143114,0,0.0,0.0,325732988.21169907,0.0,2.4830497570949,4730216.529286705,1.497796035861098,4858238049.166644,467138.27395833115,
2026-01-23,True,4036.428361112285,132311.73360188314,0,0.0,0.0,325732988.21169907,0.0,2.435187233643156,5143432.8154070815,1.485246347355055,4804850847.7433,462004.8892060866,
2026-01-24,False,4036.428361112285,148189.14163410914,0,0.0,0.0,325732988.21169907,0.0,2.435187233643156,0.0,1.5032355893298124,5381432949.472498,517445.4759108171,
2026-01-25,False,4036.428361112285,130406.44463801604,0,0.0,0.0,325732988.21169907,0.0,2.435187233643156,0.0,1.502832516322713,4735660995.535797,455352.01880151895,
2026-01-26,True,4055.0127184123958,135774.79759261096,0,0.0,0.0,326722870.7011549,18.58435730011064,2.549077671025872,4949412.4472790025,1.5150550004233625,4930610714.224266,474097.18406002555,
2026-01-27,True,4055.0127184123958,132015.33406557303,0,0.0,0.0,326722870.7011549,0.0,2.4905878241192814,4675679.066840898,1.5200742325672296,4816159949.0313835,463092.30279147916,
2026-01-28,True,4074.3755864832065,137384.63295778484,0,0.0,0.0,327749154.04294187,19.362868070810528,2.5920332276721907,5131416.708934915,1.520161475600696,5012041756.717485,481927.0919920659,
2026-01-29,True,4074.3755864832065,123395.27765409017,0,0.0,0.0,327749154.04294187,0.0,2.353796452027089,5119027.231701904,1.5344434329362513,4523180329.725514,434921.1855505302,
2026-01-30,True,4094.4412058847065,138202.710972581,0,0.0,0.0,328775188.04666364,20.065619401500026,2.7027593516123725,5130170.018608894,1.5731543481280796,5065961969.292577,487111.72781659395,
2026-01-31,False,4094.4412058847065,140987.5663343378,0,0.0,0.0,328775188.04666364,0.0,2.7027593516123725,0.0,1.5780628986246772,5193495448.075285,499374.56231493125,
2026-02-01,False,4094.4412058847065,124069.05837421727,0,0.0,0.0,328775188.04666364,0.0,2.7027593516123725,0.0,1.544837681779385,4570275994.306252,439449.61483713955,
2026-02-02,True,4094.4412058847065,138957.34537912335,0,0.0,0.0,328775188.04666364,0.0,2.609453996875145,5098116.942887941,1.507899966908713,5118709113.623001,492183.56861759623,
2026-02-03,True,4094.4412058847065,133317.70610714698,0,0.0,0.0,328775188.04666364,0.0,2.479517356691249,4950413.846596553,1.4934260269939605,4910964263.14208,472208.10222520004,
2026-02-04,True,4114.760261727188,147261.38599543986,0,0.0,0.0,329864238.11962086,20.319055842480893,2.7475433864647,5445250.364786041,1.4981664631031248,5424601315.770819,521596.28036257875,
2026-02-05,True,4114.760261727188,131196.6468717528,0,0.0,0.0,329864238.11962086,0.0,2.369422925061537,4926922.44291263,1.4478065869696497,4856815149.4413395,467001.4566770519,
2026-02-06,True,4132.455859184058,146366.5566376246,0,0.0,0.0,330849925.40727836,17.69559745687016,2.627652501801953,4928436.438287463,1.4391854918753888,5418395413.291874,520999.5589703725,
2026-02-07,False,4132.455859184058,142044.61758931977,0,0.0,0.0,330849925.40727836,0.0,2.627652501801953,0.0,1.4022104522517138,5281013860.493486,507789.79427821987,
2026-02-08,False,4132.455859184058,124999.2634786014,0,0.0,0.0,330849925.40727836,0.0,2.627652501801953,0.0,1.3765948117417213,4647292197.234268,446855.01896483346,
2026-02-09,True,4132.455859184058,139999.17509603358,0,0.0,0.0,330849925.40727836,0.0,2.312155494452834,4381420.3969404055,1.3222524438871084,5204967260.90238,500477.62124061346,
2026-02-10,True,4132.455859184058,140911.7682375238,0,0.0,0.0,330849925.40727836,0.0,2.320486704544786,4632733.895968132,1.3184225953842579,5238896156.702818,503740.01506757864,
2026-02-11,True,4132.455859184058,138342.04516352707,0,0.0,0.0,330849925.40727836,0.0,2.1953131467437728,4068076.437708274,1.2704720179270355,5143357561.84636,494553.6117159962,
2026-02-12,True,4132.455859184058,123863.43415345074,0,0.0,0.0,330849925.40727836,0.0,2.038884076713189,4452899.100362143,1.3178689780679276,4605063702.335446,442794.5867630237,
2026-02-13,True,4144.617277067008,137150.98239933222,0,0.0,0.0,331633442.5472171,12.161417882949996,2.128798880067754,3917585.6996935112,1.2426777660332657,5099075567.405596,490295.72763515345,
2026-02-14,False,4144.617277067008,123727.01796268336,0,0.0,0.0,331633442.5472171,0.0,2.128798880067754,0.0,1.195905721927296,4613529276.622326,443608.58429060824,
2026-02-15,False,4144.617277067008,130508.12168111952,0,0.0,0.0,331633442.5472171,0.0,2.128798880067754,0.0,1.1679032148712487,4866382865.49855,467921.4293748606,
2026-02-16,True,4144.617277067008,124292.08901496559,0,0.0,0.0,331633442.5472171,0.0,1.829301074920634,4317503.06337482,1.1776482425444514,4634599628.805727,445634.5796928584,
2026-02-17,True,4144.617277067008,127224.73306412442,0,0.0,0.0,331633442.5472171,0.0,1.7977910212100983,3610936.6632099296,1.1306847764653216,4743951970.771871,456149.22795883374,
2026-02-18,True,4154.902868767306,137620.15567447408,0,0.0,0.0,332360183.44924045,10.285591700297818,1.9477433113480997,3633704.5101167485,1.1324618041440369,5131576172.384607,493420.7858062122,
2026-02-19,True,4154.902868767306,131105.04000965357,0,0.0,0.0,332360183.44924045,0.0,1.9510582999472328,3940574.672385424,1.1904165988336555,4900772753.82336,471228.14940609236,
2026-02-20,True,4166.49894332744,141203.86417275536,0,0.0,0.0,333148259.1263973,11.596074560134303,2.077732614504313,3940378.385784224,1.1770399127479902,5278271912.517322,507526.14543435787,
2026-02-21,False,4166.49894332744,134905.60268081745,0,0.0,0.0,333148259.1263973,0.0,2.077732614504313,0.0,1.2170630756228524,5056913960.970044,486241.72701635037,
2026-02-22,False,4166.49894332744,126457.75028841481,0,0.0,0.0,333148259.1263973,0.0,2.077732614504313,0.0,1.2653238349182103,4740247626.478145,455793.0410075139,
2026-02-23,True,4180.379206722382,134590.3324138905,0,0.0,0.0,334007514.59840125,13.880263394941917,2.1741488127631343,4296277.36001969,1.2916405566058133,5045096107.725848,485105.3949736392,
2026-02-24,True,4195.0244046487705,138118.50458715114,0,0.0,0.0,334872969.87098634,14.645197926388056,2.3372355580358866,4327276.36292556,1.3520450928493384,5194596858.480883,499480.46716162335,
2026-02-25,True,4195.0244046487705,121544.284036693,0,0.0,0.0,334872969.87098634,0.0,2.1226614704299327,4566863.834867173,1.3940931690861689,4587259761.402776,441082.6693656515,
2026-02-26,True,4195.0244046487705,119845.09663335912,0,0.0,0.0,334872969.87098634,0.0,2.1072862598822053,4773040.756123718,1.4036178016211638,4523129933.627058,434916.3397718325,
2026-02-27,True,4213.6397241514915,133256.82079397154,0,0.0,0.0,335861489.79041666,18.615319502720574,2.509426715878525,4942599.597151653,1.5032481275927891,5029308097.911918,483587.3171069152,
2026-02-28,False,4213.6397241514915,128784.13987940819,0,0.0,0.0,335861489.79041666,0.0,2.509426715878525,0.0,1.5184422600740917,4882070914.996572,469429.8956727473,
2026-03-01,False,4213.6397241514915,140216.3461344889,0,0.0,0.0,335861489.79041666,0.0,2.509426715878525,0.0,1.567993099421208,5315453796.649808,511101.32660094305,
2026-03-02,True,4235.603602332558,157042.3076706276,0,0.0,0.0,336936919.55454206,21.963878181066093,3.2073299717126034,5377148.820626929,1.6279077271309033,5953308252.2477865,572433.4857930564,
2026-03-03,True,4235.603602332558,138197.2307501523,0,0.0,0.0,336936919.55454206,0.0,2.8912409920232465,5902412.278138716,1.6642487680440676,5266219436.452478,506367.253505046,
2026-03-04,True,4235.603602332558,127980.99803008858,0,0.0,0.0,336936919.55454206,0.0,2.7830800204689643,5833268.692075975,1.7298701032623476,4876914071.752455,468934.045360813,
2026-03-05,True,4261.665329318011,139915.75076379313,0,0.0,0.0,338127371.6312145,26.06172698545248,3.0630767662342113,5952260.3833621545,1.7415043596342945,5331706302.206899,512664.0675198941,
2026-03-06,True,4289.072422701412,147225.7997206611,0,0.0,0.0,339342311.54339904,27.4070933834005,3.3211776162120934,6074699.560922696,1.7898192199524903,5644787085.137995,542767.9889555764,
2026-03-07,False,4289.072422701412,129558.70375418177,0,0.0,0.0,339342311.54339904,0.0,3.3211776162120934,0.0,1.7964327315125594,4999358442.824883,480707.5425793157,
2026-03-08,False,4289.072422701412,145105.7482046836,0,0.0,0.0,339342311.54339904,0.0,3.3211776162120934,0.0,1.8790275542528776,5599281455.963871,538392.4476888337,
2026-03-09,True,4319.827308413182,146408.8196166006,0,0.0,0.0,340622848.3098641,30.754885711770658,3.516327396778866,6402683.832325423,1.9001885615131442,5649563844.379329,543227.2927287816,
2026-03-10,True,4319.827308413182,130067.4188970792,0,0.0,0.0,340622848.3098641,0.0,3.1988311283696933,6598323.604558821,1.9392338448242008,5054977300.207413,486055.50963532814,
2026-03-11,True,4355.346652040831,129848.73899238487,0,0.0,0.0,341995460.77873504,35.51934362764873,3.360119541738607,6863062.3443548,2.040442602635225,5046478461.961718,485238.31365016516,
2026-03-12,True,4395.133730531822,132899.49067627743,0,0.0,0.0,343473069.79633003,39.78707849099062,3.5785396569629464,7388045.087974942,2.1143658339721836,5207512796.7454195,500722.3843024442,
2026-03-13,True,4395.133730531822,134956.30153310223,0,0.0,0.0,343473069.79633003,0.0,3.584459561866821,7732368.972740212,2.0756356202240664,5336414602.246954,513116.7886775917,
2026-03-14,False,4395.133730531822,118761.54534912997,0,0.0,0.0,343473069.79633003,0.0,3.584459561866821,0.0,2.0786618469012086,4696044849.97732,451542.77403628075,
2026-03-15,False,4395.133730531822,126173.71093396468,0,0.0,0.0,343473069.79633003,0.0,3.584459561866821,0.0,2.0638748866950105,4989135192.642663,479724.5377541022,
2026-03-16,True,4395.133730531822,133821.62626251558,0,0.0,0.0,343473069.79633003,0.0,3.413072741476717,6905970.2699111,1.9931493335937653,5291547503.682594,508802.64458486484,
2026-03-17,True,4430.653016562103,146463.05322128357,0,0.0,0.0,344821421.3965179,35.519286030281236,3.8582392600789626,6741758.000939273,2.0586459885212127,5791412235.078343,556866.5610652253,
2026-03-18,True,4430.653016562103,140920.25265491952,0,0.0,0.0,344821421.3965179,0.0,3.808889702350682,6693565.774973562,2.103543421801906,5617272016.742245,540122.3093021389,
2026-03-19,True,4430.653016562103,124009.82233632918,0,0.0,0.0,344821421.3965179,0.0,3.30937697369661,6762514.015999311,2.0769051026584173,4943199374.733176,475307.6321858823,
2026-03-20,True,4469.8322353236035,137773.14842699605,0,0.0,0.0,346252178.92027444,39.17921876150015,3.772717761084639,7153787.618782876,2.1311608592209077,5491824182.380385,528060.0175365756,
2026-03-21,False,4469.8322353236035,144937.29073653926,0,0.0,0.0,346252178.92027444,0.0,3.772717761084639,0.0,2.084406851499859,5828484746.3298645,560431.2256086408,
2026-03-22,False,4469.8322353236035,131428.36698243453,0,0.0,0.0,346252178.92027444,0.0,3.772717761084639,0.0,2.0109949249693173,5285239073.390824,508196.0647491177,
2026-03-23,True,4469.8322353236035,135059.07421858603,0,0.0,0.0,346252178.92027444,0.0,3.5058547971208815,7177374.438167648,2.010811906897658,5431243746.423971,522234.97561768955,
2026-03-24,True,4469.8322353236035,131793.3698948361,0,0.0,0.0,346252178.92027444,0.0,3.43468987504274,6766121.220588433,2.0188091239624657,5299917241.421202,509607.4270597309,
2026-03-25,True,4504.828605060947,147608.57428221643,0,0.0,0.0,347628290.1073886,34.996369737343535,3.753885798149569,6880555.935570794,1.9700205776852315,5935907310.3917465,570760.3183068987,
2026-03-26,True,4539.638216737036,165321.60319608243,0,0.0,0.0,348987659.1318403,34.80961167608865,4.2334205836751195,6796845.122258324,1.97605327494465,6700268125.95486,644256.5505725826,
2026-03-27,True,4539.638216737036,165282.98714670195,0,0.0,0.0,348987659.1318403,0.0,4.158854310495875,6670710.758897013,1.9343469804938236,6750465137.796888,649083.1863266239,
2026-03-28,False,4539.638216737036,153435.4966033904,0,0.0,0.0,348987659.1318403,0.0,4.158854310495875,0.0,1.8929542198895486,6266591550.66225,602556.8798713702,
2026-03-29,False,4539.638216737036,148667.89495138498,0,0.0,0.0,348987659.1318403,0.0,4.158854310495875,0.0,1.8773060063023566,6071873816.5605545,583834.0208231303,
2026-03-30,True,4539.638216737036,159272.20741697054,0,0.0,0.0,348987659.1318403,0.0,3.7562050328835115,6579322.22931608,1.8130013079146927,6504973694.805758,625478.2398851691,
2026-03-31,True,4539.638216737036,154447.97493635106,0,0.0,0.0,348987659.1318403,0.0,3.59955020260871,6860365.542466098,1.7916568855407295,6307943052.1532,606532.9857839616,
2026-04-01,True,4539.638216737036,141424.6563897558,0,0.0,0.0,348987659.1318403,0.0,3.2878898251339956,6126739.351516772,1.7872320760957987,5776046458.650902,555389.0825625868,
2026-04-02,True,4539.638216737036,143998.96996792243,0,0.0,0.0,348987659.1318403,0.0,3.2995248340494987,6459444.5239617145,1.7614926775702935,5881186221.449035,565498.6751393302,
2026-04-03,True,4539.638216737036,144325.55161504514,0,0.0,0.0,348987659.1318403,0.0,3.35909952228228,6295455.253117215,1.789239475867855,5894524424.379682,566781.1946518924,
2026-04-04,False,4539.638216737036,161644.61780885057,0,0.0,0.0,348987659.1318403,0.0,3.35909952228228,0.0,1.8575335642747697,6601867355.3052435,634794.9380101196,
2026-04-05,False,4539.638216737036,179035.16929864397,0,0.0,0.0,348987659.1318403,0.0,3.35909952228228,0.0,1.8592878418396275,7312129878.904936,703089.4114331669,
2026-04-06,True,4569.9535548318,163075.65055896182,0,0.0,0.0,350244774.1126868,30.315338094764627,3.9325706534731704,6285574.904232738,1.8538570402164203,6660313399.011469,640414.749904949,
2026-04-07,True,4569.9535548318,161433.78970944457,0,0.0,0.0,350244774.1126868,0.0,3.9679306827543384,6475488.887119941,1.8837770967026994,6637285980.007736,638200.5750007438,
2026-04-08,True,4569.9535548318,160663.01052757018,0,0.0,0.0,350244774.1126868,0.0,4.0430005453610045,6162726.630487742,1.928624933569175,6605595700.87383,635153.4327763298,
2026-04-09,True,4569.9535548318,148045.43651413728,0,0.0,0.0,350244774.1126868,0.0,3.7824148265137865,7035293.50155068,1.9580961348332644,6086829169.704621,585272.0355485213,
2026-04-10,True,4605.033453903734,165810.88889583378,0,0.0,0.0,351607563.8560146,35.07989907193415,4.268178034045016,6813948.716638967,1.9728286063300686,6817248670.069176,655504.6798143438,
2026-04-11,False,4605.033453903734,148418.78646441957,0,0.0,0.0,351607563.8560146,0.0,4.268178034045016,0.0,2.0757776014895164,6149020881.850051,591252.0078701972,
2026-04-12,False,4605.033453903734,166229.04084014992,0,0.0,0.0,351607563.8560146,0.0,4.268178034045016,0.0,2.105229724233542,6886903387.672057,662202.2488146209,
2026-04-13,True,4605.033453903734,146281.5559393319,0,0.0,0.0,351607563.8560146,0.0,4.122602523580283,7527471.87591563,2.15182680551625,6060474981.151409,582737.9789568663,
2026-04-14,True,4647.000791449884,163835.34265205177,0,0.0,0.0,353050596.2341724,41.96733754615007,4.764780909383071,7215161.890788869,2.2205510494060348,6787731978.88958,652666.5364316903,
2026-04-15,True,4647.000791449884,144175.10153380554,0,0.0,0.0,353050596.2341724,0.0,4.327348333459044,7209186.5538321715,2.2803199792971336,6027640113.917807,579580.7801844045,
2026-04-16,True,4647.000791449884,139299.47050710788,0,0.0,0.0,353050596.2341724,0.0,4.349113377114046,7622549.528161238,2.372004270813684,5823800832.068616,559980.8492373669,
2026-04-17,True,4700.456932151273,144349.01457632383,0,0.0,0.0,354772621.7225009,53.45614070138904,4.480968072539261,8610127.441642484,2.3584258637383266,6034911031.158471,580279.9068421607,
2026-04-18,False,4700.456932151273,158873.9293818377,0,0.0,0.0,354772621.7225009,0.0,4.480968072539261,0.0,2.4800776340909536,6718572636.962812,646016.5997079627,
2026-04-19,False,4700.456932151273,157422.92557450186,0,0.0,0.0,354772621.7225009,0.0,4.480968072539261,0.0,2.5754598427535926,6657211565.86684,640116.4967179655,
2026-04-20,True,4760.627328532644,155060.65613888344,0,0.0,0.0,356454478.59285414,60.17039638137145,5.547476308773255,8409284.351766221,2.7002492765136785,6557314251.983863,630510.9857676792,
2026-04-21,True,4824.437790751346,156517.3517832378,0,0.0,0.0,358183067.4182939,63.81046221870205,5.777802341163917,8642944.127198767,2.764012989418674,6703644552.335495,644581.206955336,
2026-04-22,True,4824.437790751346,142593.05406725852,0,0.0,0.0,358183067.4182939,0.0,5.380951233613456,9121552.421303356,2.8016832000205927,6189126846.108577,595108.3505873631,
2026-04-23,True,4890.6916734388615,144966.26457465705,0,0.0,0.0,359899902.4314598,66.25388268751506,5.594351124669578,8584175.065829353,2.8651087653033964,6292133973.3412895,605012.8820520471,
2026-04-24,True,4890.6916734388615,138958.19402642103,0,0.0,0.0,359899902.4314598,0.0,5.517430837875223,8540987.65838304,2.9218921486098415,6114187424.122297,587902.6369348363,
2026-04-25,False,4890.6916734388615,155633.17730959156,0,0.0,0.0,359899902.4314598,0.0,5.517430837875223,0.0,2.9650156402917394,6847889915.016973,658450.9533670166,
2026-04-26,False,4890.6916734388615,173172.2281866595,0,0.0,0.0,359899902.4314598,0.0,5.517430837875223,0.0,2.9901596111046898,7619611547.231194,732654.9564645379,
2026-04-27,True,4962.607664627913,162340.32343612678,0,0.0,0.0,361674791.86881053,71.91599118905229,6.577798607718757,8874447.186753675,2.9817114316350053,7143005642.347274,686827.4656103147,
2026-04-28,True,4962.607664627913,161363.043271334,0,0.0,0.0,361674791.86881053,0.0,6.4602186952552,8444716.286860265,2.917772605918746,7204408335.237461,692731.5706959097,
2026-04-29,True,4962.607664627913,151426.32363530147,0,0.0,0.0,361674791.86881053,0.0,5.952686229737668,8878104.891019596,2.8649688928587267,6760761609.695888,650073.2317015276,
2026-04-30,True,5029.934961979837,159418.49806309296,0,0.0,0.0,363415060.54057217,67.32729735192336,6.1675629726909245,8701343.358808015,2.8195719247957265,7117589833.166073,684383.6378044301,
2026-05-01,True,5029.934961979837,168776.67726703,0,0.0,0.0,363415060.54057217,0.0,6.326366281333782,8671133.096559098,2.7082107145708205,7637638596.634253,734388.3265994474,
2026-05-02,False,5029.934961979837,158782.61870780535,0,0.0,0.0,363415060.54057217,0.0,6.326366281333782,0.0,2.5936591515598,7185378197.715568,690901.749780343,
2026-05-03,False,5029.934961979837,163659.83797674053,0,0.0,0.0,363415060.54057217,0.0,6.326366281333782,0.0,2.5721728051227495,7406086643.549774,712123.7157259398,
2026-05-04,True,5029.934961979837,171260.33432683008,0,0.0,0.0,363415060.54057217,0.0,5.912322479591303,9059295.878396709,2.49426089673043,7750031347.385709,745195.3218640104,
2026-05-05,True,5087.484155975866,186267.7091792541,0,0.0,0.0,365146941.5089615,57.54919399602956,6.189545775032281,8659404.841946583,2.4008319245036174,8429158980.794942,810496.0558456675,
2026-05-06,True,5087.484155975866,163915.5840777436,0,0.0,0.0,365146941.5089615,0.0,5.390674104113631,7691086.037699928,2.360409909247329,7502527868.985139,721396.9104793402,
2026-05-07,True,5087.484155975866,148994.79598840067,0,0.0,0.0,365146941.5089615,0.0,4.7331733024179545,7803873.467667629,2.280058048526772,6819593240.790036,655730.1193067343,
2026-05-08,True,5087.484155975866,146687.43611831637,0,0.0,0.0,365146941.5089615,0.0,4.426039836873559,7677525.596535645,2.1656436597805224,6713983808.798049,645575.3662305817,
2026-05-09,False,5087.484155975866,138386.09457547532,0,0.0,0.0,365146941.5089615,0.0,4.426039836873559,0.0,2.1579692856378383,6334025755.233173,609040.9380031897,
2026-05-10,False,5087.484155975866,152846.23477959642,0,0.0,0.0,365146941.5089615,0.0,4.426039836873559,0.0,2.075641773516341,6995876216.135027,672680.4053975987,
2026-05-11,True,5087.484155975866,145385.43456379493,0,0.0,0.0,365146941.5089615,0.0,4.097663738044586,6799221.940381422,2.0229260881538007,6654390311.308352,639845.2222411877,
2026-05-12,True,5087.484155975866,146129.26488625444,0,0.0,0.0,365146941.5089615,0.0,3.959323532658186,7684963.608394055,1.944681081501932,6688435931.530784,643118.8395702677,
2026-05-13,True,5087.484155975866,142188.03200766922,0,0.0,0.0,365146941.5089615,0.0,3.8159790192650678,7101132.60323237,1.9262272948053334,6508043019.6785345,625773.3672767822,
2026-05-14,True,5126.981745491643,151294.0613065496,0,0.0,0.0,366659791.2657315,39.49758951577705,3.9499961598429065,7564248.783850164,1.8738697045234787,6924832179.629566,665849.2480413044,
2026-05-15,True,5126.981745491643,149924.05015702036,0,0.0,0.0,366659791.2657315,0.0,3.7946264271899093,6561765.196107993,1.8100861137139974,6915401173.012591,664942.42048198,
2026-05-16,False,5126.981745491643,166877.08882250515,0,0.0,0.0,366659791.2657315,0.0,3.7946264271899093,0.0,1.7845798303652538,7697377536.048642,740132.4553892926,
2026-05-17,False,5126.981745491643,151410.44091018784,0,0.0,0.0,366659791.2657315,0.0,3.7946264271899093,0.0,1.7771299696812053,6983962476.867736,671534.8535449746,
2026-05-18,True,5126.981745491643,160139.70891137765,0,0.0,0.0,366659791.2657315,0.0,3.8477589469848974,6207069.331428999,1.7183448976108293,7386608950.94408,710250.8606677001,
2026-05-19,True,5126.981745491643,140922.94384201232,0,0.0,0.0,366659791.2657315,0.0,3.381860208401521,5874691.055669772,1.7162298867304149,6500215876.8307905,625020.757387576,
2026-05-20,True,5126.981745491643,144627.67473866275,0,0.0,0.0,366659791.2657315,0.0,3.392680492768706,5770149.046189273,1.6776179857271147,6671100403.773333,641451.961901282,
2026-05-21,True,5126.981745491643,132779.86452696248,0,0.0,0.0,366659791.2657315,0.0,3.1196569051121976,6242998.365452231,1.6802586047632175,6124607959.433601,588904.6114840001,
2026-05-22,True,5126.981745491643,116846.28078372698,0,0.0,0.0,366659791.2657315,0.0,2.7452459458233305,6308076.997646087,1.6802266982039014,5389655004.301569,518236.0581059201,
2026-05-23,False,5126.981745491643,126737.08608166219,0,0.0,0.0,366659791.2657315,0.0,2.7452459458233305,0.0,1.6765200655816046,5845878582.091415,562103.7098164823,
2026-05-24,False,5126.981745491643,138583.5643519352,0,0.0,0.0,366659791.2657315,0.0,2.7452459458233305,0.0,1.69347500800289,6392309589.261469,614645.1528136028,
2026-05-25,True,5155.267457378893,148340.0742891784,0,0.0,0.0,367858326.4604207,28.285711887249487,3.500860568191172,5992675.973446193,1.6877877779502375,6842338655.270936,657917.1783914361,
2026-05-26,True,5182.682006651851,166140.8832038798,0,0.0,0.0,369036404.4754369,27.41454927295812,3.866193385149478,5890390.075080848,1.660490700701075,7705698607.733493,740932.5584359128,
2026-05-27,True,5182.682006651851,153238.7427840866,0,0.0,0.0,369036404.4754369,0.0,3.3907462809151583,5346717.001507253,1.5755832726536416,7145085746.166076,687027.4755928919,
2026-05-28,True,5182.682006651851,149005.0750434373,0,0.0,0.0,369036404.4754369,0.0,3.4549704301763815,6067659.682746792,1.6510412420561595,6947681888.119952,668046.3353961492,
2026-05-29,True,5212.249647462685,153948.81220946452,0,0.0,0.0,370296541.6800471,29.567640810833527,3.61222822880796,6300686.023050713,1.6707577616841984,7178194259.312812,690210.9864723857,
2026-05-30,False,5212.249647462685,169648.15107550166,0,0.0,0.0,370296541.6800471,0.0,3.61222822880796,0.0,1.6961854846761089,7955338095.047346,764936.3552930141,
2026-05-31,False,5212.249647462685,149290.37294644146,0,0.0,0.0,370296541.6800471,0.0,3.61222822880796,0.0,1.7314323196976258,7000697523.6416645,673143.9926578524,
2026-06-01,True,5212.249647462685,131375.52819286849,0,0.0,0.0,370296541.6800471,0.0,3.1716475955858408,6723567.371042579,1.715121530466137,6160613820.804665,592366.71353891,
2026-06-02,True,5212.249647462685,115610.46480972426,0,0.0,0.0,370296541.6800471,0.0,2.7781634676382336,6415846.829066013,1.707202728843648,5421340162.3081045,521282.70791424083,
2026-06-03,True,5240.936171521866,129483.72058689118,0,0.0,0.0,371511240.58598673,28.686524059180222,3.057908299517744,6073494.5296983225,1.6777750630373998,6071900981.785078,583836.6328639499,
2026-06-04,True,5274.457368240039,142740.29588234518,0,0.0,0.0,372886552.2915366,33.52119671817292,3.479084427605508,6876558.527749602,1.727752234299106,6730382788.01011,647152.1911548183,
2026-06-05,True,5306.446483105356,159869.1313882266,0,0.0,0.0,374188573.09441304,31.989114865316935,3.9277959277596843,6510104.014382136,1.7369336747542796,7586242197.303105,729446.3651252986,
2026-06-06,False,5306.446483105356,149068.91080363537,0,0.0,0.0,374188573.09441304,0.0,3.9277959277596843,0.0,1.7564329549291315,7116642812.141648,684292.5780905432,
2026-06-07,False,5306.446483105356,142622.95452347377,0,0.0,0.0,374188573.09441304,0.0,3.9277959277596843,0.0,1.7808453659341117,6808908837.42294,654702.7728291289,
2026-06-08,True,5306.446483105356,155790.47383092548,0,0.0,0.0,374188573.09441304,0.0,3.8949683177141083,6632066.967817796,1.7629896534430387,7437534424.930937,715147.540858744,
2026-06-09,True,5306.446483105356,137095.61697121442,0,0.0,0.0,374188573.09441304,0.0,3.4199726175696923,6753279.120898985,1.7590808098176165,6545030293.939224,629329.8359556947,
2026-06-10,True,5340.005500069619,153153.24745045198,0,0.0,0.0,375543697.08935356,33.559016964264096,3.792769110805522,6775619.9747026935,1.7462922542698633,7311631592.050446,703041.4992356198,
2026-06-11,True,5340.005500069619,134774.85775639775,0,0.0,0.0,375543697.08935356,0.0,3.4327214273809563,6664324.308406053,1.7912180290958164,6474927180.647143,622589.1519853022,
2026-06-12,True,5374.828591987103,141670.0304708813,0,0.0,0.0,376923809.8566752,34.82309191748433,3.5746270955918855,6900563.836608298,1.7744817158209683,6806188826.680279,654441.2333346421,
2026-06-13,False,5374.828591987103,150268.935114249,0,0.0,0.0,376923809.8566752,0.0,3.5746270955918855,0.0,1.7087518723316244,7266380398.09587,698690.4228938336,
2026-06-14,False,5374.828591987103,158347.19418614428,0,0.0,0.0,376923809.8566752,0.0,3.5746270955918855,0.0,1.666106489247383,7657011391.2957,736251.0953168942,
2026-06-15,True,5374.828591987103,150889.6544198345,0,0.0,0.0,376923809.8566752,0.0,3.527353005368031,6632625.972037195,1.6393754007504608,7296395800.756419,701576.5193035018,
2026-06-16,True,5374.828591987103,140874.28012706366,0,0.0,0.0,376923809.8566752,0.0,3.2624880289562186,6129965.847165209,1.6240753338988414,6812093976.262539,655009.0361790903,
2026-06-17,True,5374.828591987103,143598.66428460108,0,0.0,0.0,376923809.8566752,0.0,3.228625991248126,6178710.487045959,1.5767262275851246,6943833857.324195,667676.3324350187,
2026-06-18,True,5374.828591987103,129291.56648721379,0,0.0,0.0,376923809.8566752,0.0,2.7900844643479847,6042510.550259393,1.5133385909549186,6252002143.007895,601154.0522122977,
2026-06-19,True,5400.858375595594,144806.55446567945,0,0.0,0.0,378093911.8511455,26.02978360849117,3.2213288206034534,5850509.972351603,1.5600402068811214,7002242400.168843,673292.5384777734,
2026-06-20,False,5400.858375595594,127429.76792979792,0,0.0,0.0,378093911.8511455,0.0,3.2213288206034534,0.0,1.4810153175527883,6191815162.7623205,595366.8425733,
2026-06-21,False,5400.858375595594,142721.3400813737,0,0.0,0.0,378093911.8511455,0.0,3.2213288206034534,0.0,1.4459427756971297,6934832982.293799,666810.8636820961,
2026-06-22,True,5400.858375595594,125594.77927160886,0,0.0,0.0,378093911.8511455,0.0,2.526898354385631,4972852.348151237,1.4084877714629012,6102653024.418544,586793.5600402446,
2026-06-23,True,5419.304149262886,140666.15278420193,0,0.0,0.0,379057970.86563915,18.44577366729214,2.691428613702573,4820295.072468272,1.3394612395306797,6834971387.348769,657208.7872450739,
2026-06-24,True,5419.304149262886,141585.3006012682,0,0.0,0.0,379057970.86563915,0.0,2.691769177715364,4713548.716804222,1.3297860001009454,6903129092.294161,663762.4127205923,
2026-06-25,True,5436.143730553251,158575.53667342037,0,0.0,0.0,380003041.56311214,16.839581290364237,2.8255511969796077,4725353.487365018,1.246318663701925,7731504583.36946,743413.9022470635,
2026-06-26,True,5436.143730553251,152929.63912104454,0,0.0,0.0,380003041.56311214,0.0,2.66682692899466,4314817.247064684,1.2189876623824056,7479402352.915228,719173.3031649258,
2026-06-27,False,5436.143730553251,157990.0850844768,0,0.0,0.0,380003041.56311214,0.0,2.66682692899466,0.0,1.1661811283363113,7726895982.425056,742970.7675408708,
2026-06-28,False,5436.143730553251,142298.84168643574,0,0.0,0.0,380003041.56311214,0.0,2.66682692899466,0.0,1.1022864528125615,6959476903.520529,669180.4714923585,
2026-06-29,True,5436.143730553251,159374.70268880806,0,0.0,0.0,380003041.56311214,0.0,2.4426363001779166,4269629.413754059,1.0713603293642586,7794614131.942993,749482.1280714417,
2026-06-30,True,5436.143730553251,140249.73836615108,0,0.0,0.0,380003041.56311214,0.0,2.0969109334674005,4057631.26385266,1.0451390295002143,6859260436.109834,659544.2727028687,
2026-07-01,True,5448.7108856452105,147556.68193400896,0,0.0,0.0,380797213.0216925,12.567155091959457,2.3349714808870603,3970857.2929018056,1.1061622712791261,7216624588.8546,693906.2104667885,
2026-07-02,True,5448.7108856452105,155178.61423451127,0,0.0,0.0,380797213.0216925,0.0,2.3722239283810858,4186174.0520202355,1.0683752285004957,7606939035.709956,731436.4457413419,
2026-07-03,True,5448.7108856452105,149414.1733244337,0,0.0,0.0,380797213.0216925,0.0,2.2703585312501984,4200073.42941856,1.0619465202739848,7324363045.492354,704265.677451188,
2026-07-04,False,5448.7108856452105,142992.64807671227,0,0.0,0.0,380797213.0216925,0.0,2.2703585312501984,0.0,0.9325084322482948,7009576428.040877,673997.733465469,
2026-07-05,False,5448.7108856452105,149856.34189167488,0,0.0,0.0,380797213.0216925,0.0,2.2703585312501984,0.0,0.8850102525917549,7346038386.202819,706349.8448271941,
2026-07-06,True,5448.7108856452105,167839.10291867587,0,0.0,0.0,380797213.0216925,0.0,2.0660276536612887,3636854.6224035937,0.8602862417650442,8227562992.547156,791111.8262064573,
2026-07-07,True,5448.7108856452105,156850.7178770566,0,0.0,0.0,380797213.0216925,0.0,2.0580848103974705,3684310.1130445143,0.9170156626058561,7688906454.56452,739317.9283235115,
2026-07-08,True,5448.7108856452105,161699.6630152739,0,0.0,0.0,380797213.0216925,0.0,2.095792102429924,3692939.7029335713,0.9058141099837611,7926604350.217709,762173.4952132412,
2026-07-09,True,5448.7108856452105,142295.70345344103,0,0.0,0.0,380797213.0216925,0.0,1.8540944669665156,3761055.8384647467,0.9106260454600416,6975411828.191584,670712.6757876523,
2026-07-10,True,5448.7108856452105,151544.79186453467,0,0.0,0.0,380797213.0216925,0.0,2.064700545007141,3648715.7183054034,0.9521734193878967,7428807110.951065,714308.3760529871,
2026-07-11,False,5448.7108856452105,157326.3599663537,0,0.0,0.0,380797213.0216925,0.0,2.064700545007141,0.0,1.004973107598561,7712222685.309001,741559.8735874039,
2026-07-12,False,5448.7108856452105,149142.74165904202,0,0.0,0.0,380797213.0216925,0.0,2.064700545007141,0.0,1.030810389103494,7311057319.434796,702986.2807148843,
2026-07-13,True,5461.555904865241,156009.6114130848,0,0.0,0.0,381593735.38837636,12.845019220030851,2.5158696615811147,3982611.833419115,1.1270333820474356,7647674963.836642,735353.3619073695,
2026-07-14,True,5477.8543075042735,172162.39799297892,0,0.0,0.0,382555167.3209642,16.298402639032194,2.918534309795675,4807159.662939379,1.1844353286873692,8459388854.462373,813402.7744675359,
2026-07-15,True,5477.8543075042735,151502.91023382146,0,0.0,0.0,382555167.3209642,0.0,2.6490053553387045,5003186.638256305,1.2210837624639752,7466477396.653891,717930.5189090279,
2026-07-16,True,5477.8543075042735,133575.76532172938,0,0.0,0.0,382555167.3209642,0.0,2.487067756793999,5129583.896746643,1.3002999362928203,6582978709.624756,632978.7220793035,
2026-07-17,True,5498.444174548656,149604.85716033692,0,0.0,0.0,383607796.65379876,20.589867044382146,2.92633315644966,5263146.664172563,1.3660345050729068,7372936154.779726,708936.1687288198,
2026-07-18,False,5498.444174548656,154016.9936720606,0,0.0,0.0,383607796.65379876,0.0,2.92633315644966,0.0,1.3992855995647626,7618908607.917343,732587.3661458984,
2026-07-19,False,5498.444174548656,164939.8830212917,0,0.0,0.0,383607796.65379876,0.0,2.92633315644966,0.0,1.4020602876541135,8159241812.079099,784542.4819306826,
2026-07-20,True,5519.34214759548,155154.77237191005,0,0.0,0.0,384623889.66465557,20.897973046824966,3.191066385133714,5080465.054283997,1.4348889991184728,7675192214.833119,737999.2514262615,
2026-07-21,True,5519.34214759548,136536.19968728084,0,0.0,0.0,384623889.66465557,0.0,2.867223573959568,5584159.148286658,1.4633987728121949,6779839764.294445,651907.6696436966,
2026-07-22,True,5541.81099403163,142548.1843674915,0,0.0,0.0,385675810.39065003,22.46884643615004,3.0448047891415206,5259603.629972322,1.4884926770781028,7078370797.753541,680612.5767070713,
2026-07-23,True,5565.296909139387,159653.96649159052,0,0.0,0.0,386782950.26734173,23.485915107756714,3.3867622172932728,5535699.3834584225,1.4763036185239589,7960048698.69897,765389.297951824,
2026-07-24,True,5591.864306564806,157811.07727845613,0,0.0,0.0,387971780.5864259,26.56739742541861,3.526684625119581,5944151.595420913,1.5531311238178187,7901510571.95673,759760.6319189164,
2026-07-25,False,5591.864306564806,176748.40655187087,0,0.0,0.0,387971780.5864259,0.0,3.526684625119581,0.0,1.4661711467763914,8891938154.500753,854994.0533173801,
2026-07-26,False,5591.864306564806,156943.83158476552,0,0.0,0.0,387971780.5864259,0.0,3.526684625119581,0.0,1.4969416567644107,7895600709.546227,759192.3759179065,
2026-07-27,True,5591.864306564806,153861.891935104,0,0.0,0.0,387971780.5864259,0.0,3.418871543007811,5530407.302947282,1.5416835160162672,7740553106.598524,744283.9525575504,
2026-07-28,True,5619.58743398242,172325.3189673165,0,0.0,0.0,389209700.28825,27.723127417615085,3.8592137825841135,6189598.509120622,1.553793355536331,8669419479.390348,833598.0268644566,
2026-07-29,True,5619.58743398242,151646.28069123853,0,0.0,0.0,389209700.28825,0.0,3.4285268118111496,6544064.816585911,1.565867498464171,7666912343.351411,737203.1099376357,
2026-07-30,True,5647.936889925056,163947.5139249601,0,0.0,0.0,390491040.1049905,28.34945594263535,3.6273147546009494,6406699.083702168,1.5323558474142456,8288836445.203212,797003.5043464627,
2026-07-31,True,5647.936889925056,144273.8122539649,0,0.0,0.0,390491040.1049905,0.0,3.089442716348414,6012836.741885235,1.4805186328533133,7330973421.3376665,704901.2905132371,
2026-08-01,False,5647.936889925056,126960.9547834891,0,0.0,0.0,390491040.1049905,0.0,3.089442716348414,0.0,1.4335601392178323,6451256610.777146,620313.1356516487,
2026-08-02,False,5647.936889925056,142196.26935750782,0,0.0,0.0,390491040.1049905,0.0,3.089442716348414,0.0,1.42356488650596,7225407404.070405,694750.7119298467,
2026-08-03,True,5671.664831332845,159259.82168040876,0,0.0,0.0,391633470.55274713,23.72794140778909,3.307779239312353,5712152.238783121,1.4359903786241313,8092456292.558854,778120.7973614283,
2026-08-04,True,5671.664831332845,155222.45767736694,0,0.0,0.0,391633470.55274713,0.0,3.2280843018416268,5466914.124812728,1.4360169147972432,7920441956.987403,761580.9574026349,
2026-08-05,True,5671.664831332845,155731.3555390287,0,0.0,0.0,391633470.55274713,0.0,3.135295805737616,5315685.517271401,1.3901821270835688,7946409178.713173,764077.8056454974,
2026-08-06,True,5695.428862634103,160969.3195734738,0,0.0,0.0,392793739.98295444,23.764031301257926,3.2968893683622458,5801347.151036581,1.4142640725179327,8213683584.288179,789777.2677200172,
2026-08-07,True,5695.428862634103,162395.4967294066,0,0.0,0.0,392793739.98295444,0.0,3.267309423481874,6025286.662841197,1.3875684272592734,8321176153.498245,800113.0916825236,
2026-08-08,False,5695.428862634103,160282.43313763273,0,0.0,0.0,392793739.98295444,0.0,3.267309423481874,0.0,1.320287525770007,8212902372.975919,789702.1512476845,
2026-08-09,False,5695.428862634103,144833.84786949106,0,0.0,0.0,392793739.98295444,0.0,3.267309423481874,0.0,1.2708406830379442,7421313924.2349825,713587.8773302868,
2026-08-10,True,5695.428862634103,136561.49422129086,0,0.0,0.0,392793739.98295444,0.0,2.350331029436524,4338347.929377063,1.1869676976258852,6997436949.213896,672830.4758859515,
2026-08-11,True,5695.428862634103,147368.62915916438,0,0.0,0.0,392793739.98295444,0.0,2.383083319682063,4758324.737088709,1.1152501982868375,7551196599.843337,726076.5961387824,
2026-08-12,True,5695.428862634103,134397.05622134652,0,0.0,0.0,392793739.98295444,0.0,2.2299762905642013,4713398.002794451,1.1443229692753292,6886530734.241241,662166.4167539655,
2026-08-13,True,5709.933418298532,149815.2408932482,0,0.0,0.0,393678560.9567514,14.504555664429137,2.4558679837697843,4424104.868984844,1.1305431591491544,7676561450.646129,738130.908715974,
2026-08-14,True,5709.933418298532,140168.0975076247,0,0.0,0.0,393678560.9567514,0.0,2.3711202691847,4153033.749859375,1.1663130223591816,7200531007.259752,692358.750698053,
2026-08-15,False,5709.933418298532,128187.99174974476,0,0.0,0.0,393678560.9567514,0.0,2.3711202691847,0.0,1.187855250862626,6585104783.220626,633183.1522327525,
2026-08-16,False,5709.933418298532,128243.50363809415,0,0.0,0.0,393678560.9567514,0.0,2.3711202691847,0.0,1.1867833379101904,6587956466.880735,633457.3525846861,
2026-08-17,True,5709.933418298532,122571.93095711838,0,0.0,0.0,393678560.9567514,0.0,2.352718372077536,5070277.870719544,1.3233954476451126,6296603900.387694,605442.682729586,
2026-08-18,True,5732.059622495554,137280.5626719726,0,0.0,0.0,394775860.3248725,22.126204197022282,2.7681577609611074,5486496.84060557,1.3902487311125196,7052196368.434218,678095.8046571364,
2026-08-19,True,5732.059622495554,133035.7511325304,0,0.0,0.0,394775860.3248725,0.0,2.7040062088184134,4998484.708744008,1.3998426070381063,6860620034.095519,659675.0032784153,
2026-08-20,True,5758.440716854526,149000.04126843406,0,0.0,0.0,396009940.7220319,26.381094358971115,3.185192923606118,6170401.985797001,1.4722760355274622,7683894438.186982,738836.0036718252,
2026-08-21,True,5758.440716854526,140081.02647333292,0,0.0,0.0,396009940.7220319,0.0,3.0004285246786555,5617147.377369058,1.473008177269014,7257190404.560758,697806.7696693037,
2026-08-22,False,5758.440716854526,138880.94958726657,0,0.0,0.0,396009940.7220319,0.0,3.0004285246786555,0.0,1.5161218016227838,7195017912.813963,691828.6454628811,
2026-08-23,False,5758.440716854526,145023.0903482223,0,0.0,0.0,396009940.7220319,0.0,3.0004285246786555,0.0,1.553698511374752,7513224354.586111,722425.418710203,
2026-08-24,True,5787.380620981866,160284.59258830678,0,0.0,0.0,397246431.06441736,28.939904127339684,3.7514411423919722,6182451.711927497,1.6095613951289673,8303878381.075616,798449.8443341939,
2026-08-25,True,5820.5372103798045,156917.3823428028,0,0.0,0.0,398564321.9865697,33.1565893979386,3.947857237867985,6589454.610761731,1.7269045867869959,8170288695.572796,785604.682266615,
2026-08-26,True,5856.04480805626,175747.46822393915,0,0.0,0.0,399937872.2156612,35.507597676455966,4.5432414935991625,6867751.145457744,1.7701582536224827,9203148917.436487,884918.1651381238,
2026-08-27,True,5856.04480805626,154657.77203706646,0,0.0,0.0,399937872.2156612,0.0,4.097655011225016,7497223.69482326,1.80947164782467,8148176779.775474,783478.5365168725,
2026-08-28,True,5856.04480805626,137517.25504118198,0,0.0,0.0,399937872.2156612,0.0,3.7753636358327194,7396542.127221413,1.8749501873034566,7245125088.679472,696646.6431422569,
2026-08-29,False,5856.04480805626,132080.5511740205,0,0.0,0.0,399937872.2156612,0.0,3.7753636358327194,0.0,1.9286495995270283,6958691218.428816,669104.9248489246,
2026-08-30,False,5856.04480805626,147930.21731490298,0,0.0,0.0,399937872.2156612,0.0,3.7753636358327194,0.0,1.987483862627105,7793734164.640274,749397.5158307956,
2026-08-31,True,5906.222807791558,159210.32061556727,0,0.0,0.0,401657390.3144418,50.17799973529782,4.64598507649902,8597590.493902978,1.9929423413572396,8388028745.360815,806541.225515463,
2026-09-01,True,5957.736775493111,161288.1237196863,0,0.0,0.0,403357237.5198671,51.51396770155314,4.887845901338596,8499236.02712661,2.0609196096055826,8570309742.445731,824068.2444659357,
2026-09-02,True,6005.283598527834,180642.69856604867,0,0.0,0.0,404894344.6747841,47.54682303472322,5.587760354741441,7685535.774585127,2.0942373569729567,9682467007.185476,931006.4429986035,
2026-09-03,True,6005.283598527834,164244.19889726676,0,0.0,0.0,404894344.6747841,0.0,5.26634684398691,9191833.705944609,2.1618602111548255,8873763767.943558,853246.516148419,
2026-09-04,True,6005.283598527834,144534.89502959474,0,0.0,0.0,404894344.6747841,0.0,4.799386874933728,8635145.690443229,2.2388306159827818,7808912115.790331,750856.9342106087,
2026-09-05,False,6005.283598527834,138590.31149434595,0,0.0,0.0,404894344.6747841,0.0,4.799386874933728,0.0,2.329026523246162,7487738945.932443,719974.8986473503,
2026-09-06,False,6005.283598527834,155221.1488736675,0,0.0,0.0,404894344.6747841,0.0,4.799386874933728,0.0,2.3615325069883983,8386267619.444338,806371.8864850325,
2026-09-07,True,6068.952014506587,153558.45054329003,0,0.0,0.0,406661452.89789027,63.66841597875277,5.532668106233861,8835541.115530694,2.4292325200623663,8296435574.841335,797734.1898885899,
2026-09-08,True,6068.952014506587,154058.95251025027,0,0.0,0.0,406661452.89789027,0.0,5.688215620440547,9049860.936390167,2.474049668928121,8411722681.261774,808819.4885828629,
2026-09-09,True,6068.952014506587,150742.3738091663,0,0.0,0.0,406661452.89789027,0.0,5.564518346282872,8975783.432593253,2.4734978253819984,8230635247.980405,791407.2353827312,
2026-09-10,True,6068.952014506587,137693.95270026146,0,0.0,0.0,406661452.89789027,0.0,5.138696205222764,9531598.714758836,2.5006757378716613,7518182657.540216,722902.1786096361,
2026-09-11,True,6068.952014506587,132658.6071124767,0,0.0,0.0,406661452.89789027,0.0,4.863071539677199,9249793.112560282,2.456374214229911,7243249393.366929,696466.2878237432,
2026-09-12,False,6068.952014506587,148577.6399659739,0,0.0,0.0,406661452.89789027,0.0,4.863071539677199,0.0,2.478738837082047,8112439320.570962,780042.2423625925,
2026-09-13,False,6068.952014506587,149957.47464370733,0,0.0,0.0,406661452.89789027,0.0,4.863071539677199,0.0,2.4860823041762843,8187779224.32832,787286.4638777231,
2026-09-14,True,6137.4916249280395,149890.2220623583,0,0.0,0.0,408557549.8851055,68.53961042145231,5.418191946619578,9480484.936075974,2.422146390846517,8184107188.041631,786933.3834655414,
2026-09-15,True,6137.4916249280395,142610.684003393,0,0.0,0.0,408557549.8851055,0.0,5.1776221741572535,9218301.892897524,2.416799489612056,7874577787.791411,757170.9411337896,
2026-09-16,True,6204.329486298205,159723.96608380016,0,0.0,0.0,410451244.52084273,66.83786137016543,5.637449724541192,9468473.178686203,2.3494971586206135,8819527122.326382,848031.4540698444,
2026-09-17,True,6270.759657011792,164632.5170095465,0,0.0,0.0,412237923.7954734,66.43017071358715,6.121169235711021,8933396.373153327,2.4597189801787156,9189561179.485025,883611.6518735602,
2026-09-18,True,6341.3146216894,177777.04272019738,0,0.0,0.0,414135958.48676986,70.554964677608,6.608442420536386,9490173.45648224,2.443718740208854,10029519688.397984,964376.8931151907,
2026-09-19,False,6341.3146216894,167064.2944936826,0,0.0,0.0,414135958.48676986,0.0,6.608442420536386,0.0,2.4591018387379684,9531192569.04762,916460.8239468866,
2026-09-20,False,6341.3146216894,147016.5791544407,0,0.0,0.0,414135958.48676986,0.0,6.608442420536386,0.0,2.4131942801525286,8387449460.761908,806485.5250732603,
2026-09-21,True,6341.3146216894,164658.5686529736,0,0.0,0.0,414135958.48676986,0.0,6.105163481041811,9059882.829657549,2.4214561107021826,9393943396.053337,903263.7880820517,
2026-09-22,True,6410.345761390455,173762.33905187756,0,0.0,0.0,415977979.58115965,69.03113970105504,6.511875644858274,9210105.471949099,2.447451442724163,9913323009.98772,953204.1355757423,
2026-09-23,True,6410.345761390455,169073.34337450063,0,0.0,0.0,415977979.58115965,0.0,6.3546942775911734,9713454.927725412,2.4389809426411313,9750814578.933195,937578.3248974226,
2026-09-24,True,6477.716720336124,189222.72174938963,0,0.0,0.0,417809306.2670129,67.37095894566977,6.961137145569763,9156633.429266103,2.3872383971947975,10912871521.162802,1049314.5693425771,
2026-09-25,True,6477.716720336124,182239.30564662724,0,0.0,0.0,417809306.2670129,0.0,6.691751740251168,10051883.615385437,2.3683938568839746,10620581742.295689,1021209.782913047,
2026-09-26,False,6477.716720336124,187049.2848416744,0,0.0,0.0,417809306.2670129,0.0,6.691751740251168,0.0,2.3792584451800534,10900898752.056452,1048163.3415438896,
2026-09-27,False,6477.716720336124,164603.37066067348,0,0.0,0.0,417809306.2670129,0.0,6.691751740251168,0.0,2.368725158654214,9592790901.809677,922383.7405586228,
2026-09-28,True,6477.716720336124,184355.77513995432,0,0.0,0.0,417809306.2670129,0.0,6.766220975669217,9034417.433187904,2.3672579716428066,10743925810.026838,1033069.7894256575,
2026-09-29,True,6544.301533810109,194791.5026980168,0,0.0,0.0,419634631.4119369,66.58481347398478,7.1056687678537855,9126625.72462,2.352833030369455,11352101401.881008,1091548.2117193276,
2026-09-30,True,6610.584389743445,200810.4941053291,0,0.0,0.0,421432882.8898766,66.2828559333363,7.401797364813083,8991257.389698703,2.363517419036056,11823172021.37159,1136843.463593422,
2026-10-01,True,6610.584389743445,182952.48095383384,0,0.0,0.0,421432882.8898766,0.0,6.6267511238164305,9332048.092676384,2.3091434992425213,10880840872.602604,1046234.6992887119,
2026-10-02,True,6680.796809873591,204906.77866829393,0,0.0,0.0,423315006.3356211,70.21242013014583,7.64402614711697,9410617.228722638,2.378233012874495,12186541777.314919,1171782.8632033574,
2026-10-03,False,6680.796809873591,186246.56530344472,0,0.0,0.0,423315006.3356211,0.0,7.64402614711697,0.0,2.3810966957495534,11194400428.497686,1076384.656586316,
2026-10-04,False,6680.796809873591,207806.8641644208,0,0.0,0.0,423315006.3356211,0.0,7.64402614711697,0.0,2.4712665860900156,12490288051.523746,1200989.2357234373,
2026-10-05,True,6760.7758732225675,210963.50361350455,0,0.0,0.0,425307499.3544469,79.97906334897684,8.468116706260938,9962465.094128728,2.5434014017306814,12680018723.570572,1219232.5695740934,
2026-10-06,True,6842.579278925009,225268.08911576582,0,0.0,0.0,427292535.8634014,81.8034057024413,9.283303759212055,9925182.544772612,2.5924440242128153,13701891241.61515,1317489.5424629953,
2026-10-07,True,6842.579278925009,198235.9184218739,0,0.0,0.0,427292535.8634014,0.0,8.497564546532253,10763324.293509007,2.6768102920423016,12203558495.069283,1173419.086064354,
2026-10-08,True,6928.65694894742,198514.1817330816,0,0.0,0.0,429236535.2174226,86.07767002241097,8.789940281946667,9719996.77010593,2.765030047424362,12220688602.581524,1175066.211786685,
2026-10-09,True,7025.757065596677,201595.86636699262,0,0.0,0.0,431376138.3435558,97.10011664925808,9.148884623112426,10698015.630665954,2.811474503480822,12566518763.51821,1208319.1118767508,
2026-10-10,False,7025.757065596677,205061.51046318418,0,0.0,0.0,431376138.3435558,0.0,9.148884623112426,0.0,2.893887758816368,12961688583.211424,1246316.2099241754,
2026-10-11,False,7025.757065596677,200070.96937156888,0,0.0,0.0,431376138.3435558,0.0,9.148884623112426,0.0,2.9771746709048426,12646242552.675861,1215984.8608342174,
2026-10-12,True,7127.873608640384,209808.97391134893,0,0.0,0.0,433386908.55407035,102.11654304370659,10.655104697364651,10053851.0525726,3.118147471871388,13261769971.65091,1275170.1895818182,
2026-10-13,True,7127.873608640384,195807.32281763587,0,0.0,0.0,433386908.55407035,0.0,10.530031706490906,11371845.895837067,3.2697650502614657,12556633599.96876,1207368.6153816115,
2026-10-14,True,7127.873608640384,183690.8326007871,0,0.0,0.0,433386908.55407035,0.0,10.225770063660146,11745059.094374603,3.384732398282705,11779633404.157528,1132657.05809207,
2026-10-15,True,7252.429701144748,202648.825551449,0,0.0,0.0,435556365.664829,124.5560925043636,11.634775232989092,10847285.553793296,3.490838079258425,12995362049.270344,1249554.0431990714,
2026-10-16,True,7388.392289437995,212972.24655504254,0,0.0,0.0,437859482.8946654,135.962588293247,12.57263742423911,11515586.149182044,3.545391643745561,13896033166.370127,1336157.0352278969,
2026-10-17,False,7388.392289437995,207822.86648648797,0,0.0,0.0,437859482.8946654,0.0,12.57263742423911,0.0,3.5571585862772603,13814258522.09049,1328294.088662547,
2026-10-18,False,7388.392289437995,192211.89886225044,0,0.0,0.0,437859482.8946654,0.0,12.57263742423911,0.0,3.6515081832287652,12776577028.29191,1228517.0219511453,
2026-10-19,True,7388.392289437995,189175.04460404904,0,0.0,0.0,437859482.8946654,0.0,11.91421816701198,12023895.29636927,3.732385699688158,12574713342.519712,1209107.052165357,
2026-10-20,True,7388.392289437995,188631.13044587433,0,0.0,0.0,437859482.8946654,0.0,12.110367184280449,11364172.325749515,3.804773052791094,12538558655.01164,1205630.6399049654,
2026-10-21,True,7548.161109750012,211266.86609937926,0,0.0,0.0,440286870.3005218,159.76882031201683,13.905426833096138,12136937.029281795,3.9006568635021703,14043185693.613039,1350306.3166935614,
2026-10-22,True,7548.161109750012,199224.24443840943,0,0.0,0.0,440286870.3005218,0.0,13.577950009600722,12894630.278221585,3.9754526976772326,13529060901.542458,1300871.2405329286,
2026-10-23,True,7721.205990853364,215439.59393776077,0,0.0,0.0,442840053.71632206,173.0448811033519,14.60166108208435,12765917.079001432,3.953405074490587,14630224324.37246,1406752.3388819674,
2026-10-24,False,7721.205990853364,199677.29836998976,0,0.0,0.0,442840053.71632206,0.0,14.60166108208435,0.0,3.8778775183667817,13870692153.214579,1333720.3993475556,
2026-10-25,False,7721.205990853364,191423.79786265394,0,0.0,0.0,442840053.71632206,0.0,14.60166108208435,0.0,3.866985584374962,13297358250.671846,1278592.1394876775,
2026-10-26,True,7721.205990853364,200917.5779660665,0,0.0,0.0,442840053.71632206,0.0,13.361655196371354,12318825.087710848,3.814205447146487,13956848850.052578,1342004.6971204402,
2026-10-27,True,7883.7562646675615,208435.69582136118,0,0.0,0.0,445296537.1461881,162.55027381419748,13.792594330776064,12282417.149329964,3.7952083445927323,14479098996.632341,1392221.0573684943,
2026-10-28,True,8038.580837593145,232929.80921848846,0,0.0,0.0,447668300.5050578,154.8245729255831,15.205251442570514,11858816.794348707,3.687097856502989,16521237033.290527,1588580.483970243,
2026-10-29,True,8038.580837593145,217043.1909097459,0,0.0,0.0,447668300.5050578,0.0,13.990734030903102,12186345.932626804,3.5898086061272534,15696753970.092821,1509303.266355079,
2026-10-30,True,8038.580837593145,193529.92933847586,0,0.0,0.0,447668300.5050578,0.0,12.024661302930529,12312376.543622768,3.460203761964833,13996254265.994104,1345793.67942251,
2026-10-31,False,8038.580837593145,210457.2633821457,0,0.0,0.0,447668300.5050578,0.0,12.024661302930529,0.0,3.384967765931745,15220453913.720215,1463505.184011559,
2026-11-01,False,8038.580837593145,226093.49554418624,0,0.0,0.0,447668300.5050578,0.0,12.024661302930529,0.0,3.3539635300721002,16351279940.733727,1572238.4558397813,
2026-11-02,True,8173.51236928214,235980.2460302687,0,0.0,0.0,449980420.10170734,134.9315316889949,13.771422590488346,11560597.983247604,3.2499757105959324,17066298409.14661,1640990.2316487124,
2026-11-03,True,8173.51236928214,233915.46727329912,0,0.0,0.0,449980420.10170734,0.0,13.357358758256927,11736370.089393482,3.143739439298408,17200931487.29347,1653935.7199320642,
2026-11-04,True,8173.51236928214,216989.59853602407,0,0.0,0.0,449980420.10170734,0.0,12.10295442756218,11691876.542236887,3.070699896319033,15956290797.618036,1534258.7305401957,
2026-11-05,True,8173.51236928214,214142.62630896515,0,0.0,0.0,449980420.10170734,0.0,11.382397313073495,11035560.010064768,2.9262775059163713,15746939210.932867,1514128.7702820064,
2026-11-06,True,8173.51236928214,210193.23677741614,0,0.0,0.0,449980420.10170734,0.0,10.910114796016988,10975431.611404903,2.857560769191886,15456521567.582085,1486203.9968828927,
2026-11-07,False,8173.51236928214,184970.0483641262,0,0.0,0.0,449980420.10170734,0.0,10.910114796016988,0.0,2.770940856814925,13601738979.472235,1307859.5172569456,
2026-11-08,False,8173.51236928214,202772.92724305167,0,0.0,0.0,449980420.10170734,0.0,10.910114796016988,0.0,2.668382426947874,14910870450.950333,1433737.5433606089,
2026-11-09,True,8173.51236928214,211208.17172859592,0,0.0,0.0,449980420.10170734,0.0,10.087928189204343,10545734.690746631,2.629518056989168,15531154625.25375,1493380.2524282453,
2026-11-10,True,8173.51236928214,206863.8329612992,0,0.0,0.0,449980420.10170734,0.0,9.98309878126856,11186118.880160531,2.6568417892077067,15211694461.439291,1462662.9289845473,
2026-11-11,True,8173.51236928214,206647.13800498264,0,0.0,0.0,449980420.10170734,0.0,9.70925033615105,9942652.793466086,2.5866710147508782,15195759837.103876,1461130.7535676805,
2026-11-12,True,8173.51236928214,209203.48861417067,0,0.0,0.0,449980420.10170734,0.0,9.818932417753514,10311881.843626263,2.5839270063824102,15383740615.795902,1479205.8284419137,
2026-11-13,True,8173.51236928214,184099.0699804702,0,0.0,0.0,449980420.10170734,0.0,8.421799624398863,10239754.362645356,2.5184782369654846,13537691741.900396,1301701.1290288842,
2026-11-14,False,8173.51236928214,206190.95837812664,0,0.0,0.0,449980420.10170734,0.0,8.421799624398863,0.0,2.371094759176707,15162214750.928444,1457905.2645123503,
2026-11-15,False,8173.51236928214,181448.04337275145,0,0.0,0.0,449980420.10170734,0.0,8.421799624398863,0.0,2.3153563708102745,13342748980.817032,1282956.6327708685,
2026-11-16,True,8173.51236928214,203221.80857748163,0,0.0,0.0,449980420.10170734,0.0,8.429029389446008,10491145.44711519,2.2834533767391187,14943878858.515076,1436911.4287033726,
2026-11-17,True,8173.51236928214,197294.27600636685,0,0.0,0.0,449980420.10170734,0.0,8.001079297007722,10030512.034690099,2.2326414419277367,14507998825.300682,1394999.8870481425,
2026-11-18,True,8249.000575484197,210869.7571162459,0,0.0,0.0,451838732.0483612,75.48820620205706,8.56593519491272,9291559.733269177,2.2363788649043035,15506269368.074366,1490987.4392379199,
2026-11-19,True,8249.000575484197,192412.24425053908,0,0.0,0.0,451838732.0483612,0.0,7.878463514318056,9991302.811632073,2.2428020552068975,14279675589.431904,1373045.7297530677,
2026-11-20,True,8336.498756532545,215501.7135606038,0,0.0,0.0,453962183.3670161,87.49818104834799,8.879887089335053,10617256.593274385,2.2570378296129117,15993236660.163734,1537811.217323436,
2026-11-21,False,8336.498756532545,205023.83794057602,0,0.0,0.0,453962183.3670161,0.0,8.879887089335053,0.0,2.268642507531764,15377026075.75015,1478560.1995913608,
2026-11-22,False,8336.498756532545,229626.69849344518,0,0.0,0.0,453962183.3670161,0.0,8.879887089335053,0.0,2.340541496774417,17222269204.840168,1655987.4235423238,
2026-11-23,True,8336.498756532545,205107.68657352656,0,0.0,0.0,453962183.3670161,0.0,8.865919564164676,10309242.951926265,2.353844868602977,15383314820.650488,1479164.8866010085,
2026-11-24,True,8431.77729982461,219584.2169322452,0,0.0,0.0,456140846.02375597,95.2785432920645,9.602984773484625,10893313.283699596,2.3814480143308017,16469071418.753607,1583564.5594955392,
2026-11-25,True,8431.77729982461,210661.94743479814,0,0.0,0.0,456140846.02375597,0.0,9.072069493517892,10307792.572438957,2.3297005917099307,15980469116.292542,1536583.5688742828,
2026-11-26,True,8431.77729982461,198472.05119615493,0,0.0,0.0,456140846.02375597,0.0,8.534604450798478,9613336.935743954,2.3262901192631205,15055763621.330095,1447669.5789740477,
2026-11-27,True,8518.09810256749,222288.69733969355,0,0.0,0.0,458124854.2715523,86.32080274288016,9.67140071939904,9920041.238981867,2.3537039354098632,16862455255.889708,1621389.9284509334,
2026-11-28,False,8518.09810256749,195614.05365893032,0,0.0,0.0,458124854.2715523,0.0,9.67140071939904,0.0,2.355208615740606,14990875333.967108,1441430.3205737604,
2026-11-29,False,8518.09810256749,196771.62874723857,0,0.0,0.0,458124854.2715523,0.0,9.67140071939904,0.0,2.453017782123629,15079586055.481993,1449960.1976424993,
2026-11-30,True,8518.09810256749,183512.86009506247,0,0.0,0.0,458124854.2715523,0.0,8.37118905785271,10045663.031170484,2.453363290991154,14063500839.573942,1352259.696112879,
2026-12-01,True,8619.861345319645,205534.40330647,0,0.0,0.0,460327172.068805,101.76324275215487,9.497197635912404,11011588.986263212,2.4851474723741496,15751120940.322817,1514530.8596464247,
2026-12-02,True,8713.59630684809,221961.12164514733,0,0.0,0.0,462402610.4177335,93.73496152844504,10.024637546549949,10377191.74464256,2.4118933458551544,17213195166.566483,1655114.9198621619,
2026-12-03,True,8713.59630684809,195325.78704772965,0,0.0,0.0,462402610.4177335,0.0,8.812827845275132,10082076.121254994,2.3942998872949453,15312331426.795206,1472339.5602687697,
2026-12-04,True,8713.59630684809,194478.5415449038,0,0.0,0.0,462402610.4177335,0.0,8.957221836235572,10470314.023101652,2.444131019026664,15245912629.076698,1465953.137411221,
2026-12-05,False,8713.59630684809,217815.96653029227,0,0.0,0.0,462402610.4177335,0.0,8.957221836235572,0.0,2.358607873789835,17075422144.565905,1641867.5139005678,
2026-12-06,False,8713.59630684809,210037.37601868273,0,0.0,0.0,462402610.4177335,0.0,8.957221836235572,0.0,2.2451453003576574,16465628846.162432,1583233.5429002338,
2026-12-07,True,8713.59630684809,195212.26228375913,0,0.0,0.0,462402610.4177335,0.0,7.991228563587373,9748019.193057362,2.172347505453456,15303431788.722122,1471483.8258386655,
2026-12-08,True,8713.59630684809,175299.95868633172,0,0.0,0.0,462402610.4177335,0.0,7.096559332058826,9483434.863791985,2.1482700111648714,13742430567.310078,1321387.5545490459,
2026-12-09,True,8713.59630684809,166313.7514373824,0,0.0,0.0,462402610.4177335,0.0,6.727292343266442,9510431.486104488,2.1465202144070963,13037967599.33464,1253650.7307052538,
2026-12-10,True,8796.725309329791,186271.4016098683,0,0.0,0.0,464392230.1298436,83.12900248170068,7.782671086563748,9948098.560550528,2.2172023778248326,14602523711.254799,1404088.8183898844,
2026-12-11,True,8796.725309329791,189618.50735620348,0,0.0,0.0,464392230.1298436,0.0,7.86884903719671,9301864.248757474,2.1907579888720456,15006729568.670187,1442954.7662182872,
2026-12-12,False,8796.725309329791,191944.6036842844,0,0.0,0.0,464392230.1298436,0.0,7.86884903719671,0.0,2.1712972235858152,15190820768.589893,1460655.8431336435,
2026-12-13,False,8796.725309329791,214977.95612639855,0,0.0,0.0,464392230.1298436,0.0,7.86884903719671,0.0,2.1215963038087304,17013719260.82068,1635934.5443096808,
2026-12-14,True,8796.725309329791,207661.88042242205,0,0.0,0.0,464392230.1298436,0.0,8.038173743763197,9298250.914581914,2.0434523774994595,16434712648.416283,1580260.8315784887,
2026-12-15,True,8796.725309329791,195729.87647694274,0,0.0,0.0,464392230.1298436,0.0,7.272886214081679,9196825.333595546,1.9616141476911126,15490393663.319832,1489460.9291653684,
2026-12-16,True,8862.995845543219,219217.4616541759,0,0.0,0.0,466213589.0802574,66.27053621342796,7.9762743790113895,9106794.752069093,1.9208296658269386,17349240902.918217,1668196.2406652132,
2026-12-17,True,8862.995845543219,194407.89114119284,0,0.0,0.0,466213589.0802574,0.0,6.708134257987528,8598783.147674616,1.8150652375856975,15501678911.470243,1490546.049179831,
2026-12-18,True,8918.464604958523,217736.838078136,0,0.0,0.0,467862680.59002745,55.468759415304504,7.323785378586802,8245457.548850053,1.7693268959758572,17361880380.846676,1669411.575081411,
2026-12-19,False,8918.464604958523,230627.81146051356,0,0.0,0.0,467862680.59002745,0.0,7.323785378586802,0.0,1.6931085765666587,18504871468.515625,1779314.5642803486,
2026-12-20,False,8918.464604958523,207437.53168186697,0,0.0,0.0,467862680.59002745,0.0,7.323785378586802,0.0,1.6274833324612126,16644154220.646996,1600399.4442929802,
2026-12-21,True,8918.464604958523,207667.25791512235,0,0.0,0.0,467862680.59002745,0.0,6.273352827116778,6781776.148011555,1.584747214836908,16662586752.232914,1602171.8030993186,
2026-12-22,True,8967.46677264849,232587.32886493704,0,0.0,0.0,469493385.487839,49.00216768996712,6.989175850821764,8153524.489057691,1.5764065411775237,18662097162.500866,1794432.419471237,
2026-12-23,True,8967.46677264849,237345.6083153658,0,0.0,0.0,469493385.487839,0.0,7.026387484113477,7438267.809023622,1.5499246944716187,19148522897.593586,1841204.124768614,
2026-12-24,True,8967.46677264849,219533.20231915227,0,0.0,0.0,469493385.487839,0.0,6.217996024731908,6633808.97170928,1.4828933905133266,17711457065.616924,1703024.7178477813,
2026-12-25,True,8967.46677264849,215187.8164392387,0,0.0,0.0,469493385.487839,0.0,5.805658866835692,6654401.675085218,1.412516523454909,17360880867.426456,1669315.4680217747,
2026-12-26,False,8967.46677264849,221502.30884203842,0,0.0,0.0,469493385.487839,0.0,5.805658866835692,0.0,1.4055837783674008,17870320259.29012,1718300.024931742,
2026-12-27,False,8967.46677264849,232381.31034151194,0,0.0,0.0,469493385.487839,0.0,5.805658866835692,0.0,1.3489830568364851,18748014229.67456,1802693.6759302462,
2026-12-28,True,8967.46677264849,204495.5531005305,0,0.0,0.0,469493385.487839,0.0,5.207644718848603,6483298.53415447,1.3332671573566472,16498252522.113611,1586370.4348186164,
2026-12-29,True,8996.268205264925,226647.43314370897,0,0.0,0.0,470674766.19342405,28.801432616435758,5.525543749374075,5906903.5279252995,1.2763915454271255,18285417598.57013,1758213.2306317433,
2026-12-30,True,8996.268205264925,220013.22948439122,0,0.0,0.0,470674766.19342405,0.0,5.293545305781149,5460859.559797878,1.2587989138127023,17807194098.33124,1712230.2017626194,
2026-12-31,True,8996.268205264925,210754.93330921707,0,0.0,0.0,470674766.19342405,0.0,5.216640797242985,6544082.317132442,1.2950057751675919,17057856081.71502,1640178.469395675,
2027-01-01,True,9370.888100616276,222211.81124493372,758581,0.0,1517162.0,472245610.8577897,33.242452023709404,5.668305515114206,6515938.01244008,1.334580060293419,17985140543.83719,1729340.436907422,267657.0618775887
2027-01-02,False,9370.888100616276,248877.2285943258,768267,0.0,0.0,472245610.8577897,0.0,5.668305515114206,0.0,1.3205292810690752,20982161041.053043,2017515.4847166387,267657.0618775887
2027-01-03,False,9370.888100616276,219011.9611630067,778066,0.0,0.0,472245610.8577897,0.0,5.668305515114206,0.0,1.2971299862889047,18464301716.126675,1775413.6265506418,267657.0618775887
2027-01-04,True,9371.19594160283,222842.32118616498,787980,0.0,0.0,472245610.8577897,0.0,5.426811827032165,6114300.833429621,1.2272534666876673,18787228933.313435,1806464.320510907,267657.0618775887
2027-01-05,True,9371.5033080874,223837.02665553623,798009,0.0,0.0,472245610.8577897,0.0,5.220172470243631,5899901.434181272,1.175238026814434,18871709771.24538,1814587.4780043636,267657.0618775887
2027-01-06,True,9371.840387944687,204105.93665788113,808154,0.0,0.0,472245610.8577897,0.0,4.929398505901196,5324764.961165899,1.2170178823768947,17208745099.569916,1654687.0288047995,267657.0618775887
2027-01-07,True,9372.175948970456,205327.77858239206,818417,0.0,0.0,472245610.8577897,0.0,4.976707924667743,5880431.306761636,1.221342560930311,17312384705.704117,1664652.3755484729,267657.0618775887
2027-01-08,True,9372.515465657469,202935.5334679121,828798,0.0,0.0,472245610.8577897,0.0,4.935472549235734,5521755.592126933,1.2254571785359383,17111293194.723503,1645316.6533387983,267657.0618775887
2027-01-09,False,9372.515465657469,188513.96947034015,839299,0.0,0.0,472245610.8577897,0.0,4.935472549235734,0.0,1.2494508901527537,15895859156.446424,1528447.9958121562,267657.0618775887
2027-01-10,False,9372.515465657469,211135.645806781,849921,0.0,0.0,472245610.8577897,0.0,4.935472549235734,0.0,1.3173660873172286,17803362255.219997,1711861.755309615,267657.0618775887
2027-01-11,True,9407.759518022984,222254.69044146687,860665,0.0,0.0,473533363.858291,34.93314779084509,6.029149957622333,6438765.002506369,1.366837593848434,18740941406.32379,1802013.596761903,267657.0618775887
2027-01-12,True,9408.088446537091,210380.05837729096,871531,0.0,0.0,473533363.858291,0.0,5.795507876438707,6148328.906474034,1.3866003494888264,17806357182.341454,1712149.7290712937,267657.0618775887
2027-01-13,True,9408.450055099956,191367.14974778533,882521,0.0,0.0,473533363.858291,0.0,5.319392297972112,6614477.686149786,1.3990841084564305,16197689969.818142,1557470.1894055905,267657.0618775887
2027-01-14,True,9453.646429590091,192795.83733690548,893637,0.0,0.0,475070469.9095509,44.83692689543088,5.6237973022958165,7685530.256299689,1.4681299760156816,16319244103.729933,1569158.086897109,267657.0618775887
2027-01-15,True,9454.031343724571,180040.15387356494,904878,0.0,0.0,475070469.9095509,0.0,5.335430721549703,6515552.792821203,1.489219759645251,15312744387.117622,1472379.267992079,267657.0618775887
2027-01-16,False,9454.031343724571,184569.45823420095,916247,0.0,0.0,475070469.9095509,0.0,5.335430721549703,0.0,1.4857597029475413,15698609164.917536,1509481.65047284,267657.0618775887
2027-01-17,False,9454.031343724571,206717.79322230507,927744,0.0,0.0,475070469.9095509,0.0,5.335430721549703,0.0,1.5493394282742783,17582442264.70764,1690619.4485295808,267657.0618775887
2027-01-18,True,9454.413397303493,181911.65803562847,939370,0.0,0.0,475070469.9095509,0.0,5.408432470340747,6819164.823318938,1.4940044022444015,15472549192.942724,1487745.1147060313,267657.0618775887
2027-01-19,True,9498.793722116605,199090.426187811,951127,0.0,0.0,476479617.6959603,44.030734924072796,6.220850549489123,7045738.932046911,1.5700838244544744,16934378653.931135,1628305.6398010708,267657.0618775887
2027-01-20,True,9549.572958283237,222981.27733034836,963015,0.0,0.0,478079419.7619681,50.46710233713166,7.034132022580061,7999010.330038871,1.5824062420064462,19055535487.246483,1832263.027619854,267657.0618775887
2027-01-21,True,9599.656234625869,238199.85189307024,975036,0.0,0.0,479657446.2571356,49.791084725185684,7.515861770036471,7890132.475837824,1.5796228034542015,20464905343.55839,1967779.3599575376,267657.0618775887
2027-01-22,True,9599.989224681018,209615.86966590182,987191,0.0,0.0,479657446.2571356,0.0,6.550562537778412,7821666.895993175,1.5614567076575148,18103566535.054764,1740727.5514475734,267657.0618775887
2027-01-23,False,9599.989224681018,225440.85516942115,999480,0.0,0.0,479657446.2571356,0.0,6.550562537778412,0.0,1.5628569645753418,19470973729.938522,1872209.0124940886,267657.0618775887
2027-01-24,False,9599.989224681018,207594.92402131017,1011905,0.0,0.0,479657446.2571356,0.0,6.550562537778412,0.0,1.4885387558440484,17929648594.749397,1724004.6725720575,267657.0618775887
2027-01-25,True,9650.351346559692,230507.99827335976,1024467,0.0,0.0,481215136.57182705,50.05887860501994,7.407744526766356,7788451.573457055,1.6056853400271645,19908614947.137074,1914289.8987631802,267657.0618775887
2027-01-26,True,9650.68784010176,208027.76650546858,1037166,0.0,0.0,481215136.57182705,0.0,6.68170439305018,7343525.452816749,1.6016296720146577,18061288657.62385,1736662.3709253704,267657.0618775887
2027-01-27,True,9651.025318640119,207420.5972934947,1050005,0.0,0.0,481215136.57182705,0.0,6.259896485956013,6903529.878938038,1.5048606375941374,18009201231.01925,1731653.9645210817,267657.0618775887
2027-01-28,True,9651.357106834512,211279.36793644913,1062984,0.0,0.0,481215136.57182705,0.0,6.319548474161245,6915216.077761868,1.4914022196111871,18344878764.705948,1763930.650452495,267657.0618775887
2027-01-29,True,9651.718993663955,193706.96664472827,1076104,0.0,0.0,481215136.57182705,0.0,5.633138954113725,7016536.494427212,1.4499603232032636,16819687690.752016,1617277.6625723091,267657.0618775887
2027-01-30,False,9651.718993663955,216951.8026420957,1089367,0.0,0.0,481215136.57182705,0.0,5.633138954113725,0.0,1.3970664932490695,18838756564.281788,1811418.9004117104,267657.0618775887
2027-01-31,False,9651.718993663955,190917.58632504422,1102772,0.0,0.0,481215136.57182705,0.0,5.633138954113725,0.0,1.3429071236741017,16578105776.567974,1594048.6323623052,267657.0618775887
2027-02-01,True,9652.047763047389,213827.69668404956,1116322,0.0,0.0,481215136.57182705,0.0,5.742200622699442,6349275.367684684,1.3389026914601836,18567478469.756134,1785334.4682457822,267657.0618775887
2027-02-02,True,9652.416665175992,190836.52422070183,1130017,0.0,0.0,481215136.57182705,0.0,5.112244545046995,6722959.742380409,1.3355800998334444,16571631308.543556,1593426.0873599574,267657.0618775887
2027-02-03,True,9652.797819948446,184701.8720156282,1143859,0.0,0.0,481215136.57182705,0.0,4.902240028068304,6385172.193219661,1.3232030502827214,16039530807.967245,1542262.5776891583,267657.0618775887
2027-02-04,True,9653.22198958913,166207.08612269472,1157848,0.0,0.0,481215136.57182705,0.0,4.282430221252011,5904529.769791367,1.284478470149889,14434011522.071012,1387885.723276059,267657.0618775887
2027-02-05,True,9653.622432221064,176055.18088692037,1171985,0.0,0.0,481215136.57182705,0.0,4.278287447837458,6087026.066461264,1.211401582351559,15289926771.789392,1470185.2665182108,267657.0618775887
2027-02-06,False,9653.622432221064,183241.0739427235,1186272,0.0,0.0,481215136.57182705,0.0,4.278287447837458,0.0,1.1844110212183994,15914662733.400648,1530256.0320577547,267657.0618775887
2027-02-07,False,9653.622432221064,205230.00281585034,1200709,0.0,0.0,481215136.57182705,0.0,4.278287447837458,0.0,1.1625876174187069,17824422261.40873,1713886.7559046855,267657.0618775887
2027-02-08,True,9654.013899881682,180602.40247794832,1215298,0.0,0.0,481215136.57182705,0.0,4.129904552335897,5280835.382660394,1.139896609919297,15685491590.03968,1508220.3451961232,267657.0618775887
2027-02-09,True,9654.407834038288,179725.46633171279,1230039,0.0,0.0,481215136.57182705,0.0,4.100152240663283,5353280.345602506,1.1371603885805488,15609961825.776882,1500957.8678631617,267657.0618775887
2027-02-10,True,9680.92671021729,195468.53839113037,1244934,0.0,0.0,482338777.2107485,26.156669551876398,4.550214534241867,5618203.194607099,1.1602956029289924,16978010917.953651,1632501.0498032358,267657.0618775887
2027-02-11,True,9681.310785665459,184599.14669922617,1259983,0.0,0.0,482338777.2107485,0.0,4.450013962681426,5687360.668000954,1.2010661581175748,16077959248.355925,1545957.6200342234,267657.0618775887
2027-02-12,True,9681.739284139083,165461.49954835142,1275188,0.0,0.0,482338777.2107485,0.0,4.081345211855748,6110268.477701526,1.2289222021343067,14411706863.266928,1385741.0445448968,267657.0618775887
2027-02-13,False,9681.739284139083,155041.2710333244,1290549,0.0,0.0,482338777.2107485,0.0,4.081345211855748,0.0,1.2279151859155395,13504702010.691927,1298529.0394896083,267657.0618775887
2027-02-14,False,9681.739284139083,173646.22355732333,1306067,0.0,0.0,482338777.2107485,0.0,4.081345211855748,0.0,1.2517931345301951,15125266251.974962,1454352.5242283617,267657.0618775887
2027-02-15,True,9721.027986812807,180883.72302940287,1321744,0.0,0.0,483759369.6505325,38.895632480291894,4.952572332208456,7102962.198919816,1.364049508383851,15755680805.606722,1514969.3082314155,267657.0618775887
2027-02-16,True,9763.329304518656,181218.5020045345,1337580,0.0,0.0,485225301.6670706,41.90842184139462,5.1807187112308615,7329660.082690814,1.4226716356674227,15848896585.616959,1523932.3640016306,267657.0618775887
2027-02-17,True,9763.764709731402,163755.50386806694,1353576,0.0,0.0,485225301.6670706,0.0,4.7337834536151835,7152873.215797472,1.4366731740832202,14383949362.289385,1383072.054066287,267657.0618775887
2027-02-18,True,9807.200636892267,183406.164332235,1369733,0.0,0.0,486697858.52989805,43.04717250662653,5.361502155936486,7362784.314137224,1.4527761123102627,16110741727.99804,1549109.781538273,267657.0618775887
2027-02-19,True,9849.340086321663,205414.90405210323,1386052,0.0,0.0,488146264.90227646,41.792347059541456,5.927045838144819,7242031.861892063,1.431926446006357,18124302969.27678,1742721.4393535363,267657.0618775887
2027-02-20,False,9849.340086321663,195103.23675050872,1402534,0.0,0.0,488146264.90227646,0.0,5.927045838144819,0.0,1.4403190521554918,17288444092.03379,1662350.3934647876,267657.0618775887
2027-02-21,False,9849.340086321663,211007.37587678392,1419179,0.0,0.0,488146264.90227646,0.0,5.927045838144819,0.0,1.4067317740631162,18697738087.848644,1797859.4315239082,267657.0618775887
2027-02-22,True,9892.406140494013,209722.61951274198,1435989,0.0,0.0,489605283.7564782,42.72512766587234,6.141405004670374,7295094.271008757,1.4513270915796515,18583893546.15082,1786912.8409760406,267657.0618775887
2027-02-23,True,9892.770925463634,196280.01689429538,1452965,0.0,0.0,489605283.7564782,0.0,5.852974890441283,7988211.866241982,1.4758585375446642,17468770013.022537,1679689.4243290902,267657.0618775887
2027-02-24,True,9893.178945215468,175726.78694514412,1470106,0.0,0.0,489605283.7564782,0.0,5.396464220799956,7954406.822829897,1.5198456223505024,15640125122.993301,1503858.184903202,267657.0618775887
2027-02-25,True,9943.267030520405,196814.00137856143,1487415,0.0,0.0,491181103.067988,49.723781955084924,6.21031638511859,7879096.557548811,1.5615934057459206,17517662610.51789,1684390.6356267203,267657.0618775887
2027-02-26,True,9997.331360254857,197057.53434854574,1504892,0.0,0.0,492815575.0690783,53.69996914180944,6.474251933724618,8172360.005451762,1.6229647904501487,17628138307.018456,1695013.2987517745,267657.0618775887
2027-02-27,False,9997.331360254857,214762.16126237868,1522537,0.0,0.0,492815575.0690783,0.0,6.474251933724618,0.0,1.6918952368221858,19316398433.99859,1857346.003269095,267657.0618775887
2027-02-28,False,9997.331360254857,202230.20533655674,1540351,0.0,0.0,492815575.0690783,0.0,6.474251933724618,0.0,1.7068717726935922,18189234075.074383,1748964.8149109983,267657.0618775887
2027-03-01,True,10063.613782323227,211544.28274063938,1558336,0.0,0.0,494676501.32507014,65.94254051227932,7.496141982977568,9304631.279959192,1.746774524210061,19026972106.414825,1829516.5486937333,267657.0618775887
2027-03-02,True,10131.034234559751,214698.4124303766,1576492,0.0,0.0,496530942.9183103,67.08509810332325,7.766793040569112,9272207.966200797,1.7781984157566333,19438694588.44918,1869105.2488893443,267657.0618775887
2027-03-03,True,10131.415848085693,188934.6029387314,1594819,0.0,0.0,496530942.9183103,0.0,7.0249782183476555,9116068.459728971,1.8223257502087058,17220651990.14771,1655831.9221295875,267657.0618775887
2027-03-04,True,10131.807343661,184165.55523949664,1613318,0.0,0.0,496530942.9183103,0.0,7.019211864706993,10014964.546283973,1.867910748065584,16786604187.497139,1614096.5564901095,267657.0618775887
2027-03-05,True,10206.785741805275,197842.61750760375,1631990,0.0,0.0,498431135.9373676,74.61346160578073,7.768538457589982,9500965.095286567,1.924326966386298,18033958850.315014,1734034.5048379821,267657.0618775887
2027-03-06,False,10206.785741805275,184393.74730043963,1650836,0.0,0.0,498431135.9373676,0.0,7.768538457589982,0.0,1.8739972313418745,16932437864.855513,1628119.025466876,267657.0618775887
2027-03-07,False,10206.785741805275,172163.37680425873,1669856,0.0,0.0,498431135.9373676,0.0,7.768538457589982,0.0,1.9436561509880586,15809352122.94407,1520130.0118215452,267657.0618775887
2027-03-08,True,10207.207674102128,171591.51015438503,1689051,0.0,0.0,498431135.9373676,0.0,6.72459158964364,9450021.618668169,1.9137547531662296,15756838972.917393,1515080.670472826,267657.0618775887
2027-03-09,True,10283.3587169744,192182.49137291126,1708421,0.0,0.0,500365472.2241942,75.77431760722408,7.528420595226132,9671681.434132975,1.9128823854513817,17648389175.862938,1696960.4976791285,267657.0618775887
2027-03-10,True,10359.309450217379,197111.20149233818,1727967,0.0,0.0,502282642.70967865,75.5829205593194,7.77095224266554,9585852.427422138,1.9182945043786603,18236042384.857742,1753465.613928629,267657.0618775887
2027-03-11,True,10359.694561284445,188257.37871498018,1747690,0.0,0.0,502282642.70967865,0.0,7.360161957842777,9492214.674190016,1.8956263102858577,17545555218.28158,1687072.6171424598,267657.0618775887
2027-03-12,True,10429.417634431973,210848.26416077782,1767590,0.0,0.0,504050116.0321037,69.37874970579128,8.276441154450007,8837366.612125248,1.9031578955711121,19651752378.3037,1889591.5748368942,267657.0618775887
2027-03-13,False,10429.417634431973,192821.64684903953,1787667,0.0,0.0,504050116.0321037,0.0,8.276441154450007,0.0,1.846453690610808,18092565287.8795,1739669.7392191829,267657.0618775887
2027-03-14,False,10429.417634431973,173975.10601723345,1807922,0.0,0.0,504050116.0321037,0.0,8.276441154450007,0.0,1.8665205986232087,16324183594.11099,1569633.0378952876,267657.0618775887
2027-03-15,True,10429.83275559286,175370.48664135172,1828356,0.0,0.0,504050116.0321037,0.0,6.772047475826833,9045157.265468705,1.8662814843399027,16455112955.28934,1582222.3995470519,267657.0618775887
2027-03-16,True,10505.188275010227,196414.94503831395,1848968,0.0,0.0,505969148.345936,74.98487552371594,7.674779678557583,9595161.569161505,1.8883729107621783,18430460066.650986,1772159.621793364,267657.0618775887
2027-03-17,True,10505.575024933833,188493.89631535378,1869760,0.0,0.0,505969148.345936,0.0,7.529354824816477,8837384.568924602,1.9238919096636768,17814983895.115597,1712979.220684192,267657.0618775887
2027-03-18,True,10505.967455355816,186020.2367364223,1890731,0.0,0.0,505969148.345936,0.0,7.173798458032036,8888430.654974028,1.857347589150069,17581839994.996704,1690561.5379804524,267657.0618775887
2027-03-19,True,10574.224419219514,201996.3054055348,1911882,0.0,0.0,507783191.84385633,67.89557111518498,7.560267730288116,9070217.489601692,1.8025268164560355,19092543084.382084,1835821.4504213543,267657.0618775887
2027-03-20,False,10574.224419219514,226235.862054199,1933213,0.0,0.0,507783191.84385633,0.0,7.560267730288116,0.0,1.7407462660476263,21522577192.978798,2069478.5762479613,267657.0618775887
2027-03-21,False,10574.224419219514,210070.08543418976,1954725,0.0,0.0,507783191.84385633,0.0,7.560267730288116,0.0,1.7346035238694002,19984672583.03129,1921603.1329837777,267657.0618775887
2027-03-22,True,10574.577852456927,207111.25115439805,1976417,0.0,0.0,507783191.84385633,0.0,7.256172434521765,7847644.423639465,1.682417202534341,19703188743.06964,1894537.3791413116,267657.0618775887
2027-03-23,True,10574.953502463122,195128.4408120016,1998291,0.0,0.0,507783191.84385633,0.0,6.873736898147392,8363089.909755204,1.6915608020372324,18563844218.147736,1784985.020975744,267657.0618775887
2027-03-24,True,10637.49418590705,215182.4514974836,2020345,0.0,0.0,509554871.9445143,62.2000422834148,7.554613034724415,8858400.503289698,1.6857968087395017,20472440591.514534,1968503.9030302437,267657.0618775887
2027-03-25,True,10694.706514243357,240195.7097798489,2042581,0.0,0.0,511206399.5804765,56.90674419382907,8.276431780648435,8257638.179811204,1.6505531594134122,22987348703.156788,2210321.9906881526,267657.0618775887
2027-03-26,True,10695.020014113232,234130.87867952822,2064998,0.0,0.0,511206399.5804765,0.0,8.164306062519259,8391061.440213013,1.6668172753580075,22527441375.67473,2166100.1322764163,267657.0618775887
2027-03-27,False,10695.020014113232,228557.7898197759,2087597,0.0,0.0,511206399.5804765,0.0,8.164306062519259,0.0,1.6365000353831152,21991858444.48445,2114601.7735081203,267657.0618775887
2027-03-28,False,10695.020014113232,213418.0918020902,2110377,0.0,0.0,511206399.5804765,0.0,8.164306062519259,0.0,1.673809223075542,20535114852.591454,1974530.2742876397,267657.0618775887
2027-03-29,True,10695.351370684002,222117.21900968227,2133339,0.0,0.0,511206399.5804765,0.0,7.983665238046081,9132252.148718271,1.7180459351708801,21372145934.712,2055014.0321838462,267657.0618775887
2027-03-30,True,10762.632006138108,246396.21380361385,2156482,0.0,0.0,513071958.0162638,66.98192956547315,8.846731102919385,9327792.178936377,1.7161293626744534,23709008315.778004,2279712.338055577,267657.0618775887
2027-03-31,True,10762.941993327824,238074.3541937281,2179807,0.0,0.0,513071958.0162638,0.0,8.97244509844881,9171981.588639427,1.7966272495869304,23052360798.05901,2216573.15365952,267657.0618775887
2027-04-01,True,10841.211068968967,242111.3797345868,2203313,0.0,4406626.0,515507090.24173456,77.96425725515503,9.561148117748164,9871217.170555416,1.882530940275796,23443934772.680084,2254224.497373085,460888.7913596977
2027-04-02,True,10841.523966249828,235860.15128329376,2227001,0.0,0.0,515507090.24173456,0.0,9.348218921291672,9724401.56476236,1.8846518914003216,23004705328.254253,2211990.8969475245,460888.7913596977
2027-04-03,False,10841.523966249828,264163.369437289,2250870,0.0,0.0,515507090.24173456,0.0,9.348218921291672,0.0,1.8950818972488455,25766013600.700356,2477501.3077596496,460888.7913596977
2027-04-04,False,10841.523966249828,232463.76510481435,2274919,0.0,0.0,515507090.24173456,0.0,9.348218921291672,0.0,1.9443529365873073,22674091968.616314,2180201.150828492,460888.7913596977
2027-04-05,True,10841.843085964387,232201.2605912633,2299150,0.0,0.0,515507090.24173456,0.0,9.605991082060969,9933769.052379314,1.9670795104175154,22648487756.795387,2177739.207384172,460888.7913596977
2027-04-06,True,10842.1932197281,211633.40322868087,2323560,0.0,0.0,515507090.24173456,0.0,9.151086991804629,10435422.02620868,2.0559852447829075,20642944041.990032,1984898.4655759647,460888.7913596977
2027-04-07,True,10842.573187439046,195016.5707913167,2348151,0.0,0.0,515507090.24173456,0.0,8.425086223716468,10520592.237270448,2.0540941184031687,19022735096.96256,1829109.1439387077,460888.7913596977
2027-04-08,True,10936.00447325523,211436.73361143735,2372922,0.0,0.0,517572139.3944221,93.08035341795501,9.53033290489823,10325245.763437869,2.143038192260975,20625149507.739075,1983187.4526672186,460888.7913596977
2027-04-09,True,10936.375696680177,200149.00732804523,2397872,0.0,0.0,517572139.3944221,0.0,9.383850056465336,10660505.137717115,2.21891073055704,19692299020.811314,1893490.2904626264,460888.7913596977
2027-04-10,False,10936.375696680177,212454.7933993084,2423001,0.0,0.0,517572139.3944221,0.0,9.383850056465336,0.0,2.327074546438019,20903752622.378498,2009976.2136902402,460888.7913596977
2027-04-11,False,10936.375696680177,201834.88689352805,2448309,0.0,0.0,517572139.3944221,0.0,9.383850056465336,0.0,2.4013739271545917,19858843750.624405,1909504.2067908081,460888.7913596977
2027-04-12,True,11061.05176992101,211971.76288678808,2473795,0.0,0.0,520006865.98564816,124.32508309484861,10.823969775345741,12173632.956130315,2.416606996733013,20856226510.205505,2005406.3952120678,460888.7913596977
2027-04-13,True,11192.683597631245,220152.46380599952,2499458,0.0,0.0,522488284.72373235,131.29297163426588,11.648365002680347,12407093.690420836,2.4874483609413276,21908077936.473156,2106545.9554301114,460888.7913596977
2027-04-14,True,11320.71293680792,223958.85675964417,2525298,0.0,0.0,524843792.86692,127.69668879134154,12.141246259925431,11777540.715938235,2.5306807185384494,22552088698.152256,2168470.0671300245,460888.7913596977
2027-04-15,True,11456.122392917006,233264.27815660543,2551315,0.0,0.0,527277038.3967586,135.0892184773726,12.950394297838999,12166227.649193093,2.573896280826258,23757805172.01287,2284404.343462776,460888.7913596977
2027-04-16,True,11456.484019162195,206566.8656351031,2577507,0.0,0.0,527277038.3967586,0.0,11.512500151281852,12196106.448955214,2.565134865231107,21290340470.963627,2047148.1222080411,460888.7913596977
2027-04-17,False,11456.484019162195,216205.53201798172,2603873,0.0,0.0,527277038.3967586,0.0,11.512500151281852,0.0,2.6098905577159637,22284477601.25402,2142738.23088981,460888.7913596977
2027-04-18,False,11456.484019162195,197826.7003079022,2630414,0.0,0.0,527277038.3967586,0.0,11.512500151281852,0.0,2.64551891735807,20390156675.430435,1960591.9880221572,460888.7913596977
2027-04-19,True,11597.246287409262,221565.9043448505,2657129,0.0,0.0,529771150.5197751,140.42421984462095,12.474667427606937,12470560.61508251,2.5912752803577006,22836975476.48209,2195863.026584816,460888.7913596977
2027-04-20,True,11597.63043332113,194977.99582346846,2684016,0.0,0.0,529771150.5197751,0.0,11.022953255262546,12708698.19784939,2.582532454354112,20343458358.01179,1956101.7651934414,460888.7913596977
2027-04-21,True,11741.097107842183,218375.35532228468,2711074,0.0,0.0,532323740.4968881,143.12322917260946,12.244264180959581,12762949.885565093,2.561227201484055,22785428077.99033,2190906.5459606084,460888.7913596977
2027-04-22,True,11887.710316392027,223599.3768213123,2738303,0.0,0.0,534889605.31742865,146.27733999301847,12.747172728541269,12829324.102702834,2.584701751125161,23619112290.88655,2271068.489508322,460888.7913596977
2027-04-23,True,11888.037813933253,229314.69872678703,2765702,0.0,0.0,534889605.31742865,0.0,12.978270570553441,11761393.586459184,2.5465421884331625,24525304536.848427,2358202.3593123485,460888.7913596977
2027-04-24,False,11888.037813933253,223086.4408829423,2793270,0.0,0.0,534889605.31742865,0.0,12.978270570553441,0.0,2.491533643115591,23859847014.959442,2294216.0591307157,460888.7913596977
2027-04-25,False,11888.037813933253,219790.09969836552,2821005,0.0,0.0,534889605.31742865,0.0,12.978270570553441,0.0,2.4766862188717114,23507292211.261707,2260316.558775164,460888.7913596977
2027-04-26,True,11888.427131659282,193415.28773456166,2848907,0.0,0.0,534889605.31742865,0.0,10.4080761482683,12339366.03587048,2.4212166020458454,20686417145.9103,1989078.5717221443,460888.7913596977
2027-04-27,True,12011.676024928305,216625.12226270908,2876974,0.0,0.0,537216815.0004629,122.90082652952209,11.440054915220827,11636048.415171357,2.376068989853916,23169545950.968132,2227840.956823859,460888.7913596977
2027-04-28,True,12012.071555314102,190630.107591184,2905205,0.0,0.0,537216815.0004629,0.0,9.9849432358698,12441340.030130837,2.3426105508121666,20600577969.02274,1980824.8047137249,460888.7913596977
2027-04-29,True,12125.149135402227,213505.7205021261,2933599,0.0,0.0,539407012.2607614,112.72395958642555,10.988603924229565,10950986.301492222,2.3017846593905085,23073407080.486923,2218596.834662204,460888.7913596977
2027-04-30,True,12229.243773873917,239126.40696238124,2962155,0.0,0.0,541496474.3724412,103.77848769202346,11.876825496411064,10447310.558398884,2.209542381162163,26085485813.11595,2508219.7897226876,460888.7913596977
2027-05-01,False,12229.243773873917,245829.43641642452,2990871,0.0,0.0,541496474.3724412,0.0,11.876825496411064,0.0,2.1434043261448337,27046918335.86035,2600665.224601957,460888.7913596977
2027-05-02,False,12229.243773873917,216329.90404645356,3019747,0.0,0.0,541496474.3724412,0.0,11.876825496411064,0.0,2.0848899454647483,23801288135.557106,2288585.3976497217,460888.7913596977
2027-05-03,True,12229.556210039469,242289.492532028,3048779,0.0,0.0,541496474.3724412,0.0,11.083642417030045,10989569.60427529,2.0255546117800387,26657442711.823963,2563215.645367689,460888.7913596977
2027-05-04,True,12229.91218915808,213214.75342818463,3077968,0.0,0.0,541496474.3724412,0.0,9.972352420438176,11417965.880951578,2.070929436642168,23459148912.039417,2255687.3953884053,460888.7913596977
2027-05-05,True,12336.187402546137,226336.18157409996,3107311,0.0,0.0,543796648.7434679,105.9403133315439,10.424481855052766,11500871.855133558,2.0392608771006144,24903570959.742313,2394574.130744453,460888.7913596977
2027-05-06,True,12336.53991818348,215593.27289051376,3136807,0.0,0.0,543796648.7434679,0.0,9.743551244780313,10770274.668377286,1.9922215641130638,23927673051.408535,2300737.7934046667,460888.7913596977
2027-05-07,True,12336.876731198188,225347.586599587,3166455,0.0,0.0,543796648.7434679,0.0,9.862267180020561,10570952.80208828,1.929154503331814,25010972672.725704,2404901.2185313175,460888.7913596977
2027-05-08,False,12336.876731198188,198305.87620763655,3196252,0.0,0.0,543796648.7434679,0.0,9.862267180020561,0.0,1.9399359889494268,22010256861.056026,2116370.852024618,460888.7913596977
2027-05-09,False,12336.876731198188,193723.34499121027,3226197,0.0,0.0,543796648.7434679,0.0,9.862267180020561,0.0,1.9049959921326143,21501635073.96515,2067464.9109581874,460888.7913596977
2027-05-10,True,12337.227931588048,216970.1463901555,3256289,0.0,0.0,543796648.7434679,0.0,9.480104184921254,10393551.493409865,1.9259474348563526,24081831282.84097,2315560.70027317,460888.7913596977
2027-05-11,True,12337.599672514176,204981.46597292076,3286525,0.0,0.0,543796648.7434679,0.0,8.848481793578763,9677199.057313919,1.9027122105753722,22751837922.813843,2187676.723347485,460888.7913596977
2027-05-12,True,12337.959905388261,211807.43205038583,3316904,0.0,0.0,543796648.7434679,0.0,9.10353764585434,9834987.19482475,1.8944138064911906,23510191746.436634,2260595.3602342918,460888.7913596977
2027-05-13,True,12338.339322142143,201361.69322596156,3347423,0.0,0.0,543796648.7434679,0.0,8.709478123235003,9956639.341074158,1.9063755105040587,22351388697.803394,2149171.990173403,460888.7913596977
2027-05-14,True,12338.756035567054,183339.42568860014,3378082,0.0,0.0,543796648.7434679,0.0,7.776342118741128,10249344.934737012,1.8693873928970786,20351521284.00777,1956877.0465392086,460888.7913596977
2027-05-15,False,12338.756035567054,169708.54958159482,3408877,0.0,0.0,543796648.7434679,0.0,7.776342118741128,0.0,1.8116484780947362,18839067456.509457,1811448.79389514,460888.7913596977
2027-05-16,False,12338.756035567054,190073.57553138622,3439807,0.0,0.0,543796648.7434679,0.0,7.776342118741128,0.0,1.7563476096336335,21099755551.290592,2028822.649162557,460888.7913596977
2027-05-17,True,12339.160956142076,189172.90136687245,3470870,0.0,0.0,543796648.7434679,0.0,7.306548380536482,9257207.677841319,1.7022309754248952,20999773191.041546,2019208.9606770717,460888.7913596977
2027-05-18,True,12416.387122571048,202101.04194776423,3502064,0.0,0.0,545781820.6681352,76.846653294052,7.823397312819583,9925859.623336159,1.7059949115289454,22435641096.698986,2157273.1823749025,460888.7913596977
2027-05-19,True,12416.793049450775,188950.28595230365,3533386,0.0,0.0,545781820.6681352,0.0,7.12764794590435,10004613.619946443,1.6581450092415995,21107028681.44033,2029521.9886000317,460888.7913596977
2027-05-20,True,12486.82296228093,200339.92553397498,3564835,0.0,0.0,547593021.8362722,69.6465643797901,7.7037204740185565,9056005.840685656,1.6902176448527257,22380060327.781944,2151928.877671341,460888.7913596977
2027-05-21,True,12555.292350746882,221129.69973100163,3596409,0.0,0.0,549426871.623855,68.12208098037397,8.214312543066566,9169248.937913831,1.6290338088404985,24841815537.73692,2388636.1093977806,460888.7913596977
2027-05-22,False,12555.292350746882,221746.58333084482,3628104,0.0,0.0,549426871.623855,0.0,8.214312543066566,0.0,1.6702882833093637,25047712442.019604,2408433.888655731,460888.7913596977
2027-05-23,False,12555.292350746882,212388.87138210415,3659918,0.0,0.0,549426871.623855,0.0,8.214312543066566,0.0,1.6455882806097348,23990698284.29705,2306797.9119516397,460888.7913596977
2027-05-24,True,12555.652192175283,213983.14347026628,3691851,0.0,0.0,549426871.623855,0.0,8.280390223214242,9118208.61511483,1.6933795366682327,24170781639.895107,2324113.6192206834,460888.7913596977
2027-05-25,True,12627.93829698128,227679.3042838135,3723898,0.0,0.0,551248989.9230899,71.94747060187905,8.990058471227888,9110591.496174432,1.7278640958994893,25718588776.702694,2472941.228529105,460888.7913596977
2027-05-26,True,12628.318691473176,202947.20781832043,3756057,0.0,0.0,551248989.9230899,0.0,7.993475916388755,9622900.48476998,1.7193644612150172,23056842547.418133,2217004.0910978974,460888.7913596977
2027-05-27,True,12628.734836408044,185512.29038564494,3788327,0.0,0.0,551248989.9230899,0.0,7.434322407138844,10380857.251487672,1.749326911680739,21076695575.21379,2026605.3437705569,460888.7913596977
2027-05-28,True,12722.958014046828,207773.76523192236,3820704,0.0,0.0,553478571.005114,93.85113836850306,8.745949877016097,11147905.410120456,1.8374022176171696,23606676936.812504,2269872.7823858177,460888.7913596977
2027-05-29,False,12722.958014046828,232706.61705975307,3853187,0.0,0.0,553478571.005114,0.0,8.745949877016097,0.0,1.8350481906253118,26636743507.404186,2561225.3372504027,460888.7913596977
2027-05-30,False,12722.958014046828,205978.00408915625,3885772,0.0,0.0,553478571.005114,0.0,8.745949877016097,0.0,1.9189349558425615,23577255053.650204,2267043.7551586735,460888.7913596977
2027-05-31,True,12723.365188768383,190335.9808388969,3918457,0.0,0.0,553478571.005114,0.0,8.410884632670143,10107284.433274299,1.9223545882282,21786792167.29822,2094883.8622402137,460888.7913596977
2027-06-01,True,12723.76984426332,191520.9381064625,3951239,0.0,0.0,553478571.005114,0.0,8.511862306340968,11114960.800520932,1.9333351532321537,21923129788.8081,2107993.248923856,460888.7913596977
2027-06-02,True,12816.717181314376,199840.29384324726,3984115,0.0,0.0,555578875.1893934,92.55902697350577,8.806830594672281,10501520.921397233,1.9169976882063313,22876162158.105663,2199630.9767409293,460888.7913596977
2027-06-03,True,12817.143666588683,182186.82960697182,4017084,0.0,0.0,555578875.1893934,0.0,7.92230002945199,10607108.112411834,1.8849647387918542,21007679426.92615,2019969.175665976,460888.7913596977
2027-06-04,True,12817.561796177286,185827.55709685778,4050142,0.0,0.0,555578875.1893934,0.0,7.761292039921196,9667719.122558337,1.810416001258343,21428199055.23423,2060403.7553109836,460888.7913596977
2027-06-05,False,12817.561796177286,202903.03848316657,4083286,0.0,0.0,555578875.1893934,0.0,7.761292039921196,0.0,1.8020042894709867,23397975003.667126,2249805.2888141465,460888.7913596977
2027-06-06,False,12817.561796177286,188006.6117550525,4116513,0.0,0.0,555578875.1893934,0.0,7.761292039921196,0.0,1.7814885323270424,21680178055.755535,2084632.505361109,460888.7913596977
2027-06-07,True,12817.991009492565,181494.83538109594,4149822,0.0,0.0,555578875.1893934,0.0,7.321205041488713,9714397.819017965,1.748471682570333,20929265787.677567,2012429.4026613045,460888.7913596977
2027-06-08,True,12903.9675141347,203274.21562682747,4183208,0.0,0.0,557713633.4206668,85.59278652146891,8.150246846963714,10673791.156367136,1.7378577702822637,23441562628.202003,2253996.406557885,460888.7913596977
2027-06-09,True,12904.348789610987,204838.77106537443,4216669,0.0,0.0,557713633.4206668,0.0,7.816197222897334,9249538.625539403,1.6491924867303385,23780431172.539696,2286579.9204365094,460888.7913596977
2027-06-10,True,12978.497247558089,225832.67200067817,4250203,0.0,0.0,559594952.2349749,73.80262667606337,8.859234413734525,9406594.071540143,1.6954484443694018,26218459352.495247,2521005.706970697,460888.7913596977
2027-06-11,True,12978.890740827139,198732.7513605968,4283805,0.0,0.0,559594952.2349749,0.0,7.637736545816286,8568497.710360376,1.6570843191958817,23204817470.344536,2231232.44907159,460888.7913596977
2027-06-12,False,12978.890740827139,191312.83222180037,4317474,0.0,0.0,559594952.2349749,0.0,7.637736545816286,0.0,1.6190492603413495,22339115812.454742,2147991.9050437254,460888.7913596977
2027-06-13,False,12978.890740827139,168355.29235518433,4351206,0.0,0.0,559594952.2349749,0.0,7.637736545816286,0.0,1.6106073998230996,19658421914.960175,1890232.8764384782,460888.7913596977
2027-06-14,True,12979.30652817199,188557.92743780647,4384998,0.0,0.0,559594952.2349749,0.0,6.808452871540836,8994947.071270803,1.556825195433359,22017432544.755398,2117060.821611096,460888.7913596977
2027-06-15,True,12979.70600747667,196255.47326588916,4418847,0.0,0.0,559594952.2349749,0.0,6.785400938501646,8611048.603130117,1.4906512077844067,22916989650.417297,2203556.697155509,460888.7913596977
2027-06-16,True,12980.160540254636,172704.81647398247,4452750,0.0,0.0,559594952.2349749,0.0,5.889633662417219,8173553.006018688,1.4702553398079548,20167571594.21308,1939189.5763666425,460888.7913596977
2027-06-17,True,12980.5710902097,191206.9384778108,4486704,0.0,0.0,559594952.2349749,0.0,6.0285314784994615,6894643.369434718,1.3592570980578784,22328935221.924953,2147013.002108169,460888.7913596977
2027-06-18,True,13022.520759616526,209447.7197805455,4520706,0.0,0.0,560948696.2561387,41.57391931471505,6.432207615824958,6768720.105819114,1.3239281169814128,24459847145.249565,2351908.3793509197,460888.7913596977
2027-06-19,False,13022.520759616526,228372.0470234098,4554753,0.0,0.0,560948696.2561387,0.0,6.432207615824958,0.0,1.2594319160587684,26756068874.46036,2572698.9302365733,460888.7913596977
2027-06-20,False,13022.520759616526,221878.14419931488,4588842,0.0,0.0,560948696.2561387,0.0,6.432207615824958,0.0,1.2783452959818942,25995243223.991302,2499542.6176914712,460888.7913596977
2027-06-21,True,13022.908985063084,202974.8454113173,4622969,0.0,0.0,560948696.2561387,0.0,5.769141165834486,6759890.229121233,1.2243258838290045,23780532750.80314,2286589.687577225,460888.7913596977
2027-06-22,True,13064.202417154635,227331.8268606754,4657132,0.0,0.0,562367592.0571758,40.94636234293853,6.56032060135493,7094479.005185262,1.2430252749096578,26634990695.598442,2561056.7976536965,460888.7913596977
2027-06-23,True,13064.59681459624,200052.00763739436,4691327,0.0,0.0,562367592.0571758,0.0,5.844164530072382,6396549.441611849,1.2575258015188049,23513112239.237972,2260876.176849805,460888.7913596977
2027-06-24,True,13105.25571066604,224058.2485538817,4725550,0.0,0.0,563813513.4734946,40.30630918442642,6.245817331155612,7229607.081594632,1.199920893334487,26335480730.278324,2532257.7625267617,460888.7913596977
2027-06-25,True,13105.624072383127,214734.58378313188,4759800,0.0,0.0,563813513.4734946,0.0,5.575241701738948,6962190.693906541,1.1169961768808587,25318139951.266872,2434436.5337756607,460888.7913596977
2027-06-26,False,13105.624072383127,188966.43372915607,4794072,0.0,0.0,563813513.4734946,0.0,5.575241701738948,0.0,1.1086652852498582,22280589400.94148,2142364.3654751424,460888.7913596977
2027-06-27,False,13105.624072383127,211642.4057766548,4828364,0.0,0.0,563813513.4734946,0.0,5.575241701738948,0.0,1.038074678515171,24954260129.054455,2399448.089332159,460888.7913596977
2027-06-28,True,13106.011706857613,204316.19273555998,4862671,0.0,0.0,563813513.4734946,0.0,5.026293025783695,6367552.142235147,1.0583341036155238,24090443516.70088,2316388.799682777,460888.7913596977
2027-06-29,True,13106.387419335972,211065.65410410453,4896992,0.0,0.0,563813513.4734946,0.0,4.907021767201055,5711575.872020685,1.000150475489405,24886992769.554268,2392980.073995603,460888.7913596977
2027-06-30,True,13106.79577805135,194436.89337281283,4931323,0.0,9862646.0,565981819.6160539,0.0,4.5485486603653085,5866358.324195939,1.0063444391377938,22926933797.50539,2204512.865144749,2168306.1425593058
2027-07-01,True,13107.194524957911,199374.58746822274,4965659,0.0,0.0,565981819.6160539,0.0,4.547662818896208,5803951.848236193,0.984973176549766,23509892128.40806,2260566.550808467,2168306.1425593058
2027-07-02,True,13107.577435531583,207620.2786407622,5000000,0.0,0.0,565981819.6160539,0.0,4.53505244181753,5539861.024973087,0.9432032316521417,24482953994.806633,2354130.19180833,2168306.1425593058
2027-07-03,False,13107.577435531583,214516.7779633173,5034340,0.0,0.0,565981819.6160539,0.0,4.53505244181753,0.0,0.9574242971638546,25296940507.094757,2432398.125682188,2168306.1425593058
2027-07-04,False,13107.577435531583,191428.10347261504,5068676,0.0,0.0,565981819.6160539,0.0,4.53505244181753,0.0,0.9639091928913158,22574203243.72392,2170596.4657426844,2168306.1425593058
2027-07-05,True,13108.018978963311,180503.1946413064,5103007,0.0,0.0,565981819.6160539,0.0,4.219798245895904,5968628.203276418,1.0094547212439455,21285880850.599464,2046719.3125576407,2168306.1425593058
2027-07-06,True,13108.516259094156,160472.93074914673,5137328,0.0,0.0,565981819.6160539,0.0,3.9065672020462396,5998670.214865813,1.051136059282326,18924444831.95896,1819658.1569191308,2168306.1425593058
2027-07-07,True,13109.003832149408,163667.78094150714,5171635,0.0,0.0,565981819.6160539,0.0,4.114102195591886,6414678.481827981,1.0853275451022626,19301943200.790016,1855956.07699904,2168306.1425593058
2027-07-08,True,13145.200859089427,183307.914654488,5205927,0.0,0.0,567316412.8380967,35.76114832479186,4.911834869829277,6672966.110213798,1.1568986964483718,21618980475.91241,2078748.1226838857,2168306.1425593058
2027-07-09,True,13184.460816053077,205304.86441302657,5240199,0.0,0.0,568682811.6397605,38.870779628623644,5.840432625940656,6831994.008318778,1.2277329185679702,24280116604.35724,2334626.5965728112,2168306.1425593058
2027-07-10,False,13184.460816053077,219569.22454521712,5274449,0.0,0.0,568682811.6397605,0.0,5.840432625940656,0.0,1.2284037536350818,26044627117.23783,2504291.068965176,2168306.1425593058
2027-07-11,False,13184.460816053077,193220.91759979108,5308672,0.0,0.0,568682811.6397605,0.0,5.840432625940656,0.0,1.2783658050265763,22919271863.169296,2203776.1406893553,2168306.1425593058
2027-07-12,True,13184.881913715,190454.63143587392,5342867,0.0,0.0,568682811.6397605,0.0,5.7802151541192535,7277387.649308534,1.3090619336909246,22591143493.68571,2172225.3359313183,2168306.1425593058
2027-07-13,True,13234.398027997093,213309.1872081788,5377030,0.0,0.0,570229870.3064883,49.14013422680415,6.775465156335223,7735293.333638827,1.3700089766278853,25302888834.487057,2432970.08023914,2168306.1425593058
2027-07-14,True,13289.057412507062,219205.95164491364,5411157,0.0,0.0,571868888.6385293,54.29306233943721,7.261274730840091,8195091.660204979,1.4272705288826395,26100019725.537853,2509617.281301717,2168306.1425593058
2027-07-15,True,13289.464636429797,197188.8082129183,5445246,0.0,0.0,571868888.6385293,0.0,6.34025893507065,7537458.926276485,1.3836524778302732,23575490756.8921,2266874.111239625,2168306.1425593058
2027-07-16,True,13347.313980570929,205247.21199234694,5479293,0.0,0.0,573602002.754752,57.457621402395425,6.804524001140769,8665570.581113668,1.4266238106387459,24539688997.527332,2359585.480531474,2168306.1425593058
2027-07-17,False,13347.313980570929,211024.59975796563,5513295,0.0,0.0,573602002.754752,0.0,6.804524001140769,0.0,1.4349148763619413,25340271529.30812,2436564.570125781,2168306.1425593058
2027-07-18,False,13347.313980570929,199468.24164583944,5547249,0.0,0.0,573602002.754752,0.0,6.804524001140769,0.0,1.4505846974657974,23952560083.405254,2303130.777250505,2168306.1425593058
2027-07-19,True,13405.202686249726,223404.4306433402,5581152,0.0,0.0,575286292.0283725,57.52792500955162,7.630514267436685,8421446.368102405,1.4678403057185456,26826867293.413883,2579506.4705205658,2168306.1425593058
2027-07-20,True,13405.603726327923,201226.77105726796,5615001,0.0,0.0,575286292.0283725,0.0,7.011432792026234,9059203.227714255,1.495311446738022,24268528573.266964,2333512.362814131,2168306.1425593058
2027-07-21,True,13405.983672807091,212398.33614599824,5648793,0.0,0.0,575286292.0283725,0.0,7.048390360586136,8464116.22666961,1.4240868842556578,25616617865.083908,2463136.333181145,2168306.1425593058
2027-07-22,True,13406.386413189226,200625.52349880943,5682525,0.0,0.0,575286292.0283725,0.0,6.91872926965003,8303739.790297567,1.4798765675979604,24197426043.69716,2326675.5811247267,2168306.1425593058
2027-07-23,True,13406.844639124683,176550.4606789523,5716194,0.0,0.0,575286292.0283725,0.0,5.908277614813405,8513928.085466223,1.4360327060175253,21294374621.37627,2047536.0212861798,2168306.1425593058
2027-07-24,False,13406.844639124683,197736.5159604266,5749796,0.0,0.0,575286292.0283725,0.0,5.908277614813405,0.0,1.3950883521649788,23850514750.93055,2293318.7260510144,2168306.1425593058
2027-07-25,False,13406.844639124683,174008.1340451754,5783330,0.0,0.0,575286292.0283725,0.0,5.908277614813405,0.0,1.4344334691893936,20988452980.818882,2018120.4789248926,2168306.1425593058
2027-07-26,True,13463.211054341948,194889.11013059647,5816791,0.0,0.0,576984565.3833877,55.950794252368816,6.420756982816364,8491366.775075555,1.4136962603402388,23507067338.51715,2260294.93639588,2168306.1425593058
2027-07-27,True,13463.654828596058,182975.91455111082,5850177,0.0,0.0,576984565.3833877,0.0,6.019805854926484,8532677.5858285,1.4099512607808853,22162915090.23303,2131049.527907022,2168306.1425593058
2027-07-28,True,13518.666209942101,204933.02429724415,5883486,0.0,0.0,578676073.7898774,54.61564229774522,6.6169040053669725,8457542.03244836,1.3837069162808573,24823283098.94872,2386854.1441296847,2168306.1425593058
2027-07-29,True,13566.744145207953,229524.98721291346,5916713,0.0,0.0,580266506.2616571,47.723725465047686,6.887301203590449,7952162.358898501,1.2844605961845832,27915674060.898895,2684199.428932586,2168306.1425593058
2027-07-30,True,13567.140756602337,204986.54640602865,5949857,0.0,0.0,580266506.2616571,0.0,6.088914567920462,6919427.897392432,1.270475781121164,25019884202.523853,2405758.0963965245,2168306.1425593058
2027-07-31,False,13567.140756602337,229584.9319747521,5982915,0.0,0.0,580266506.2616571,0.0,6.088914567920462,0.0,1.2162398470920555,28023089512.34731,2694527.8377257027,2168306.1425593058
2027-08-01,False,13567.140756602337,202034.74013778186,6015884,0.0,0.0,580266506.2616571,0.0,6.088914567920462,0.0,1.1705962898105893,24660318770.865635,2371184.497198619,2168306.1425593058
2027-08-02,True,13567.57181785829,189068.25625014256,6048760,0.0,0.0,580266506.2616571,0.0,5.127457243475426,6496976.270873035,1.1599054827418187,23077632418.070995,2219003.117122211,2168306.1425593058
2027-08-03,True,13568.04704209546,171708.41387601828,6081542,0.0,0.0,580266506.2616571,0.0,4.595011666055022,6739508.69404936,1.144512172324899,20959359542.23182,2015323.0329069057,2168306.1425593058
2027-08-04,True,13607.637870332905,192313.4235411405,6114227,0.0,0.0,581697947.5609124,39.166520882826624,5.262002516687799,7157206.496276233,1.1701771538682395,23475304915.71883,2257240.8572806567,2168306.1425593058
2027-08-05,True,13608.093564860455,179286.77010665726,6146812,0.0,0.0,581697947.5609124,0.0,4.784781103498983,6311925.7448177915,1.1408501901474752,21949027804.367657,2110483.4427276594,2168306.1425593058
2027-08-06,True,13608.546264255348,180693.8576075909,6179295,0.0,0.0,581697947.5609124,0.0,4.8320791520808966,6594873.598146441,1.1431175561157436,22122030075.89319,2127118.2765281913,2168306.1425593058
2027-08-07,False,13608.546264255348,186220.19348780124,6211672,0.0,0.0,581697947.5609124,0.0,4.8320791520808966,0.0,1.0827916257534163,22799368063.7231,2192246.929204144,2168306.1425593058
2027-08-08,False,13608.546264255348,194357.16278032595,6243942,0.0,0.0,581697947.5609124,0.0,4.8320791520808966,0.0,1.1476915206073868,23795595993.405903,2288038.0762890293,2168306.1425593058
2027-08-09,True,13609.016356356631,174433.90300821676,6276101,0.0,0.0,581697947.5609124,0.0,4.907359615975863,7576320.146833951,1.2025490059770012,21356345318.89062,2053494.7422010212,2168306.1425593058
2027-08-10,True,13648.465150437722,180439.54383218932,6308148,0.0,0.0,583022302.14701,38.99434824145563,5.312868987341814,6621772.9304879485,1.2585433565043793,22092392916.09544,2124268.5496245613,2168306.1425593058
2027-08-11,True,13648.91238706115,183571.7284752585,6340081,0.0,0.0,583022302.14701,0.0,5.3528904039773435,7928394.6750325775,1.245615223230356,22541038169.358166,2167407.516284439,2168306.1425593058
2027-08-12,True,13695.299640740874,191110.19370662066,6371895,0.0,0.0,584580672.1063193,45.957135335925194,5.635938362250244,7791849.796546862,1.259706888001953,23467466186.467754,2256487.133314207,2168306.1425593058
2027-08-13,True,13695.750431266682,182346.33448106796,6403590,0.0,0.0,584580672.1063193,0.0,5.217891100541321,6686746.121913229,1.2214364808006346,22467403152.124767,2160327.226165843,2168306.1425593058
2027-08-14,False,13695.750431266682,193654.9541605653,6435164,0.0,0.0,584580672.1063193,0.0,5.217891100541321,0.0,1.242311889543727,23861555285.270836,2294380.3158914265,2168306.1425593058
2027-08-15,False,13695.750431266682,170416.35966129747,6466613,0.0,0.0,584580672.1063193,0.0,5.217891100541321,0.0,1.246578984472836,20998168651.038334,2019054.6779844551,2168306.1425593058
2027-08-16,True,13746.158801137512,177642.9649946256,6497935,0.0,0.0,586139148.5647097,49.94451812188642,5.692926727660166,7792382.291951866,1.3678743302678162,21888608265.317802,2104673.871665173,2168306.1425593058
2027-08-17,True,13803.915196934162,198960.1207939807,6529129,0.0,0.0,587885714.9836212,57.34173983609349,6.532084529276421,8732832.094557993,1.399926171109202,24605471679.721336,2365910.738434744,2168306.1425593058
2027-08-18,True,13804.343900831976,192440.5176170181,6560192,0.0,0.0,587885714.9836212,0.0,6.245090412399065,8202821.459481954,1.38207890615332,23899185547.699898,2297998.6103557595,2168306.1425593058
2027-08-19,True,13804.790864332046,184802.56214887483,6591122,0.0,0.0,587885714.9836212,0.0,5.925920737143299,7584725.707665816,1.3656046515845865,22951340721.302387,2206859.684740614,2168306.1425593058
2027-08-20,True,13857.71989569008,188365.33994162796,6621917,0.0,0.0,589500412.1496952,52.489990927209526,6.123312279402429,8073485.830369642,1.3843582409895059,23394573249.439823,2249478.1970615215,2168306.1425593058
2027-08-21,False,13857.71989569008,210969.18073462334,6652576,0.0,0.0,589500412.1496952,0.0,6.123312279402429,0.0,1.4722878323941901,26302382985.64061,2529075.2870808276,2168306.1425593058
2027-08-22,False,13857.71989569008,203403.42816761276,6683095,0.0,0.0,589500412.1496952,0.0,6.123312279402429,0.0,1.5363361070210642,25359129943.18592,2438377.879152492,2168306.1425593058
2027-08-23,True,13922.843587744776,192719.71251064964,6713474,0.0,0.0,591304152.4712125,64.69353367120647,6.9121475312614535,9018701.607586788,1.525735299598609,24027147802.758476,2310302.6733421613,2168306.1425593058
2027-08-24,True,13998.982670104475,215846.0780119276,6743710,0.0,0.0,593264646.5884112,75.75501237444163,8.340459768444815,9802470.585993368,1.6410764553649417,27036869703.222275,2599699.0099252188,2168306.1425593058
2027-08-25,True,13999.39523675885,201179.61333029842,6773802,0.0,0.0,593264646.5884112,0.0,8.419233085445525,10222177.885673668,1.7735382403998308,25337557488.13283,2436303.604628157,2168306.1425593058
2027-08-26,True,14088.939992787318,200237.32941938323,6803747,0.0,0.0,595285021.8959459,89.12974849595244,8.833558173123889,10101876.537673483,1.86951874075209,25219624813.126125,2424963.9243390504,2168306.1425593058
2027-08-27,True,14089.36988174465,193538.35119803474,6833544,0.0,0.0,595285021.8959459,0.0,8.839976365822606,11224994.30967851,1.929881766569345,24531813724.407192,2358828.242731461,2168306.1425593058
2027-08-28,False,14089.36988174465,214615.776626835,6863192,0.0,0.0,595285021.8959459,0.0,8.839976365822606,0.0,1.9666766155948618,27204297585.975555,2615797.8448053417,2168306.1425593058
2027-08-29,False,14089.36988174465,203624.924514007,6892688,0.0,0.0,595285021.8959459,0.0,8.839976365822606,0.0,2.0033405043472716,25811117567.711067,2481838.2276645256,2168306.1425593058
2027-08-30,True,14212.94389702219,228059.91545568785,6922031,0.0,0.0,597775844.7293234,123.20876038461806,11.281002847807777,12454114.16688745,2.0899318981662307,28908451675.836395,2779658.814984269,2168306.1425593058
2027-08-31,True,14213.318637077793,222554.27129601265,6951220,0.0,0.0,597775844.7293234,0.0,11.420730931753937,13662722.261806615,2.158302362841852,28457993612.529224,2736345.539666272,2168306.1425593058
2027-09-01,True,14213.725109532326,205425.97430370445,6980252,0.0,0.0,597775844.7293234,0.0,10.85550438091982,14049444.816992858,2.222478258181666,26268492476.529037,2525816.5842816383,2168306.1425593058
2027-09-02,True,14214.159142760016,192381.58434195613,7009128,0.0,0.0,597775844.7293234,0.0,10.66938860839218,12802193.170567174,2.3324185481723236,24601167112.10823,2365496.8377027144,2168306.1425593058
2027-09-03,True,14214.652953019064,169295.79422092138,7037844,0.0,0.0,597775844.7293234,0.0,9.452663887776803,13105261.060124563,2.348146748926194,21649688137.789543,2081700.7824797637,2168306.1425593058
2027-09-04,False,14214.652953019064,189611.28952743197,7066400,0.0,0.0,597775844.7293234,0.0,9.452663887776803,0.0,2.359923057216996,24248493095.400814,2331585.874557771,2168306.1425593058
2027-09-05,False,14214.652953019064,179436.76006350358,7094794,0.0,0.0,597775844.7293234,0.0,9.452663887776803,0.0,2.3874317840504724,22947320532.997425,2206473.1281728293,2168306.1425593058
2027-09-06,True,14362.789603896983,200969.17127112404,7123025,0.0,0.0,600327790.9323895,147.71967150008794,11.63312139031263,12759731.015330503,2.4342709657710686,25700998996.95712,2471249.903553569,2168306.1425593058
2027-09-07,True,14526.434583971242,214712.45006250133,7151092,0.0,0.0,603127131.1714811,163.25422490391102,12.521777139726025,13996701.19545839,2.4375772743325035,27744718858.32999,2667761.428685576,2168306.1425593058
2027-09-08,True,14686.722214516225,240477.9440700015,7178994,0.0,0.0,605954498.6651831,159.93874200002958,13.603374849213747,14136837.468509713,2.3486659290182583,31428133198.391594,3021935.88446073,2168306.1425593058
2027-09-09,True,14687.119151315663,211620.59078160132,7206729,0.0,0.0,605954498.6651831,0.0,12.119889083893838,14793989.341075145,2.362957204953344,27961927492.732216,2688646.8743011747,2168306.1425593058
2027-09-10,True,14833.781349368015,222675.43617478345,7234297,0.0,0.0,608501843.281899,146.28451831611943,12.787421343742057,12736723.083579758,2.3692672952245686,29423425475.992157,2829175.5265377075,2168306.1425593058
2027-09-11,False,14833.781349368015,238788.0062576018,7261696,0.0,0.0,608501843.281899,0.0,12.787421343742057,0.0,2.364922708404211,31867550647.9404,3064187.5623019612,2168306.1425593058
2027-09-12,False,14833.781349368015,210133.4455066896,7288925,0.0,0.0,608501843.281899,0.0,12.787421343742057,0.0,2.3092897799295664,28043444570.187553,2696485.0548257264,2168306.1425593058
2027-09-13,True,14834.13954012133,235349.4589674924,7315983,0.0,0.0,608501843.281899,0.0,13.028769467957424,12923261.081225371,2.270911556365761,31408657918.610065,3020063.261404814,2168306.1425593058
2027-09-14,True,14834.477265079648,249611.40100498212,7342870,0.0,0.0,608501843.281899,0.0,13.136728799261848,13346353.713905724,2.158849436042607,33312795586.359848,3203153.42176537,2168306.1425593058
2027-09-15,True,14834.858514030308,221639.95429732688,7369585,0.0,0.0,608501843.281899,0.0,11.523042395381283,12874939.581155641,2.1325968265733346,29580438067.075382,2844272.8910649405,2168306.1425593058
2027-09-16,True,14835.283761043413,198472.88140563547,7396126,0.0,0.0,608501843.281899,0.0,10.38389422281582,12158401.971548814,2.1460388026335573,26489202629.003212,2547038.714327232,2168306.1425593058
2027-09-17,True,14978.828790699086,222289.62717431175,7422492,0.0,0.0,611171503.4404458,143.16444509545153,11.920607581081965,13348300.792733865,2.1996077162839254,29668757386.62306,2852765.13332914,2168306.1425593058
2027-09-18,False,14978.828790699086,240431.42127521918,7448684,0.0,0.0,611171503.4404458,0.0,11.920607581081965,0.0,2.2042038977851934,32400624614.800747,3115444.674500072,2168306.1425593058
2027-09-19,False,14978.828790699086,225594.4772912908,7474701,0.0,0.0,611171503.4404458,0.0,11.920607581081965,0.0,2.18741070166606,30401192718.984566,2923191.60759467,2168306.1425593058
2027-09-20,True,14979.221067991377,215918.6923753649,7500541,0.0,0.0,611171503.4404458,0.0,11.566674669420422,13531806.694119783,2.1857652589990595,29097280471.360306,2797815.429938491,2168306.1425593058
2027-09-21,True,15117.101572342004,232073.28239073546,7526204,0.0,0.0,613753162.176929,137.5151025295893,12.36165755424907,12908293.682415862,2.173328773995575,31275097854.53004,3007220.9475509655,2168306.1425593058
2027-09-22,True,15117.467214070173,232194.50478229937,7551690,0.0,0.0,613753162.176929,0.0,12.585633479943393,12744651.770143261,2.200636714607126,31579465169.45702,3036487.0355247133,2168306.1425593058
2027-09-23,True,15251.753016128465,260057.84535617533,7576998,0.0,0.0,616209833.3329927,133.95933622956883,14.18064288304026,12283355.78031854,2.2138116444027403,35369856470.09566,3400947.737509198,2168306.1425593058
2027-09-24,True,15252.12443699046,228850.90391343427,7602127,0.0,0.0,616209833.3329927,0.0,12.140373648050867,12401266.009252433,2.1433262446293417,31401955801.44827,3019418.8270623335,2168306.1425593058
2027-09-25,False,15252.12443699046,256313.0123830464,7627077,0.0,0.0,616209833.3329927,0.0,12.140373648050867,0.0,2.1107448880668023,35171046985.558716,3381831.4409191073,2168306.1425593058
2027-09-26,False,15252.12443699046,261306.54636696645,7651848,0.0,0.0,616209833.3329927,0.0,12.140373648050867,0.0,2.1143626773685034,35856255343.65007,3447716.859966353,2168306.1425593058
2027-09-27,True,15395.399771433255,254159.78550704653,7676439,0.0,0.0,618873120.7968822,142.94011225243057,13.64089635948487,13316437.319447108,2.1683748351854732,34875583080.22572,3353421.450021704,2168306.1425593058
2027-09-28,True,15560.055200300052,274275.14070666756,7700849,0.0,15401698.0,622745170.5748459,164.34442729450723,15.618933740144636,14429791.325864302,2.289157034128246,37989337444.69998,3652820.908144229,986091.5127908966
2027-09-29,True,15560.406613667012,242734.07906431553,7725080,0.0,0.0,622745170.5748459,0.0,14.236795181008688,14466871.082236448,2.3473655027655456,33980220251.947483,3267328.8703795657,986091.5127908966
2027-09-30,True,15730.626608771308,246999.77806809437,7749129,0.0,0.0,625559034.1656842,169.87424580578391,14.911490788013712,14069317.954191849,2.416094564312165,34578154192.25809,3324822.5184863545,986091.5127908966
2027-10-01,True,15730.990869101086,234722.23849426082,7772998,0.0,0.0,625559034.1656842,0.0,14.187681328350923,14254494.363079898,2.403695579577609,33218847651.44124,3194119.9664847343,986091.5127908966
2027-10-02,False,15730.990869101086,229244.94697538568,7796686,0.0,0.0,625559034.1656842,0.0,14.187681328350923,0.0,2.4901580065097653,32444430306.339195,3119656.7602249226,986091.5127908966
2027-10-03,False,15730.990869101086,245469.19587847363,7820192,0.0,0.0,625559034.1656842,0.0,14.187681328350923,0.0,2.5549312427860427,34740605291.890594,3340442.8165279417,986091.5127908966
2027-10-04,True,15938.766294819945,256447.27371259555,7843517,0.0,0.0,628692334.5477113,207.44163390754173,16.9782130609706,15666501.910135122,2.6327287393294787,36294303577.87715,3489836.882488188,986091.5127908966
2027-10-05,True,16151.354583102275,258601.61728693618,7866660,0.0,0.0,631826758.8115503,212.25650381438908,17.51194814286058,15672121.319194783,2.671078725524232,37082605540.231735,3565635.1480992055,986091.5127908966
2027-10-06,True,16151.731610906752,227569.42321250384,7889622,0.0,0.0,631826758.8115503,0.0,15.676076868475223,14531132.085180271,2.6947131331200493,33067941638.834236,3179609.7729648305,986091.5127908966
2027-10-07,True,16381.185517146812,254877.75399800434,7912402,0.0,0.0,635072599.1709545,229.1168819268266,17.99127184408254,16229201.797020992,2.76126990653668,37036959184.493935,3561246.075432109,986091.5127908966
2027-10-08,True,16381.540836915972,242035.50566151016,7935001,0.0,0.0,635072599.1709545,0.0,17.67366981992407,16278174.00748187,2.8309076604129513,35670460065.88156,3429851.9294116884,986091.5127908966
2027-10-09,False,16381.540836915972,258829.0136676626,7957418,0.0,0.0,635072599.1709545,0.0,17.67366981992407,0.0,2.9198690830834515,38146263835.881714,3667909.9842193956,986091.5127908966
2027-10-10,False,16381.540836915972,279006.557441644,7979654,0.0,0.0,635072599.1709545,0.0,17.67366981992407,0.0,2.937897150287838,41120033651.929634,3953849.389608619,986091.5127908966
2027-10-11,True,16615.109045785706,249975.18291665256,8001708,0.0,0.0,638054765.583417,233.22377467832712,19.549598403391673,14910832.062312964,3.031862991214697,36841384761.46724,3542440.842448773,986091.5127908966
2027-10-12,True,16868.892121483146,274555.71199393226,8023582,0.0,0.0,641256563.4235735,253.4687496928073,21.735067769525553,16008989.200782143,3.040081846486479,41041004461.22044,3946250.4289635043,986091.5127908966
2027-10-13,True,16869.227311274968,257466.07475885827,8045274,0.0,0.0,641256563.4235735,0.0,20.608937605030736,15709409.152926227,3.0428521780095314,39074270160.51,3757141.3615875,986091.5127908966
2027-10-14,True,16869.60309679589,229652.27555381044,8066786,0.0,0.0,641256563.4235735,0.0,18.520878804673362,16515733.139838066,3.065684581853251,34853808884.63236,3351327.777368496,986091.5127908966
2027-10-15,True,17144.93714618399,257210.5486202677,8088117,0.0,0.0,644577295.8365486,274.9981378150192,21.300247385360354,16603662.064875225,3.1479137909313377,39037135537.95217,3753570.7248030934,986091.5127908966
2027-10-16,False,17144.93714618399,280589.23722819536,8109268,0.0,0.0,644577295.8365486,0.0,21.300247385360354,0.0,3.16879720393794,43280394214.684265,4161576.366796564,986091.5127908966
2027-10-17,False,17144.93714618399,246918.52876081193,8130239,0.0,0.0,644577295.8365486,0.0,21.300247385360354,0.0,3.204784593954292,38086746908.92215,3662187.202780976,986091.5127908966
2027-10-18,True,17145.295456690597,241689.81484888244,8151031,0.0,0.0,644577295.8365486,0.0,20.929496282920642,17521857.0689928,3.255663675396066,37280227023.91292,3584637.2138377805,986091.5127908966
2027-10-19,True,17432.77168798053,270692.59263074835,8171643,0.0,0.0,647843790.6044315,287.15594177200364,23.796452127172845,16332473.839414895,3.3049574370476362,41754726876.845,4014877.5843120194,986091.5127908966
2027-10-20,True,17433.083355667943,278501.7616689626,8192077,0.0,0.0,647843790.6044315,0.0,24.331898781166483,17402029.27984411,3.2467729023405854,43679603869.05178,4199961.910485748,986091.5127908966
2027-10-21,True,17433.386802591966,286046.7288624637,8212332,0.0,0.0,647843790.6044315,0.0,24.669696456427232,16347259.611230416,3.2049622164883598,44863742003.60798,4313821.346500767,986091.5127908966
2027-10-22,True,17433.693709637548,283473.4531268334,8232409,0.0,0.0,647843790.6044315,0.0,24.09721659159726,14885165.097497946,3.15895196083418,44460921770.84275,4275088.631811803,986091.5127908966
2027-10-23,False,17433.693709637548,270302.6868482512,8252309,0.0,0.0,647843790.6044315,0.0,24.09721659159726,0.0,3.1441395423292655,42395921211.53335,4076530.8857243606,986091.5127908966
2027-10-24,False,17433.693709637548,266168.4933105869,8272032,0.0,0.0,647843790.6044315,0.0,24.09721659159726,0.0,3.1219865453338675,41747489094.41405,4014181.6436936585,986091.5127908966
2027-10-25,True,17434.00970781415,275634.5018685807,8291578,0.0,0.0,647843790.6044315,0.0,22.772808675888324,17976064.608010568,3.070180492889881,43232195582.8764,4156941.882968885,986091.5127908966
2027-10-26,True,17689.378090276277,308710.6420928104,8310948,0.0,0.0,651015088.1084346,255.08591730508272,24.831393844533174,15856487.520015426,2.988976594189431,48420936701.04843,4655859.298177734,986091.5127908966
2027-10-27,True,17689.68016576378,288669.5664075709,8330143,0.0,0.0,651015088.1084346,0.0,23.257821051306003,17793749.60485743,2.9651489487198406,45940727320.71562,4417377.626991887,986091.5127908966
2027-10-28,True,17690.023827018722,254029.21843866238,8349163,0.0,0.0,651015088.1084346,0.0,19.98115394233595,16878084.53362381,2.8947293662475184,40428530414.690956,3887358.6937202844,986091.5127908966
2027-10-29,True,17939.913045617315,284512.7246513019,8368009,0.0,0.0,654247808.3134058,249.58202671427122,21.965792874766525,16163601.024856266,2.8412393808910106,45280833727.94647,4353926.319994853,986091.5127908966
2027-10-30,False,17939.913045617315,265762.28981936636,8386681,0.0,0.0,654247808.3134058,0.0,21.965792874766525,0.0,2.812998476750067,42894142752.204445,4124436.8030965813,986091.5127908966
2027-10-31,False,17939.913045617315,279079.74082699034,8405180,0.0,0.0,654247808.3134058,0.0,21.965792874766525,0.0,2.7128887571548246,45043584815.65435,4331113.924582149,986091.5127908966
2027-11-01,True,17940.269737415332,245590.1719277515,8423507,0.0,0.0,654247808.3134058,0.0,18.01867971084716,15573401.614955746,2.675678476961639,39638354637.77583,3811380.2536322917,986091.5127908966
2027-11-02,True,17940.60898968948,258214.92345231096,8441663,0.0,0.0,654247808.3134058,0.0,18.537463792311744,15054018.748378081,2.6180762148061607,41676823346.4936,4007386.8602397693,986091.5127908966
2027-11-03,True,17940.985164797174,233401.94022545003,8459648,0.0,0.0,654247808.3134058,0.0,16.16215852248124,14086370.333919447,2.5252245082380758,37672630413.902664,3622368.3090291023,986091.5127908966
2027-11-04,True,18140.10210839074,251837.17937904625,8477462,0.0,0.0,657209501.8651147,198.76830563543754,16.90156276036657,14808467.758544447,2.4473890085823604,40649053316.87046,3908562.818929852,986091.5127908966
2027-11-05,True,18140.45663167285,247656.51349526673,8495107,0.0,0.0,657209501.8651147,0.0,16.347336057574616,13337379.605913062,2.3914502055497735,40417903627.64494,3886336.8872735524,986091.5127908966
2027-11-06,False,18140.45663167285,277375.29511469876,8512584,0.0,0.0,657209501.8651147,0.0,16.347336057574616,0.0,2.367752621529666,45268936764.61927,4352782.381213391,986091.5127908966
2027-11-07,False,18140.45663167285,259389.14245084528,8529893,0.0,0.0,657209501.8651147,0.0,16.347336057574616,0.0,2.368977247732012,42333513091.64189,4070530.1049655667,986091.5127908966
2027-11-08,True,18337.389482471783,290515.83954494674,8547034,0.0,0.0,660234062.8446003,196.62994132543295,18.886745174351148,15122804.897428352,2.3552820570361566,47413534662.63892,4558993.717561435,986091.5127908966
2027-11-09,True,18337.7344800901,255653.9387995531,8564010,0.0,0.0,660234062.8446003,0.0,16.645019050556023,13353295.590379607,2.3441868515723767,42176865398.839325,4055467.8268114734,986091.5127908966
2027-11-10,True,18525.361800014725,280047.2805429184,8580820,0.0,0.0,663157261.4070911,187.312373106256,17.944836650354034,14615992.812454095,2.307068004662129,46202060225.62181,4442505.790925174,986091.5127908966
2027-11-11,True,18525.700852289337,260431.81719153022,8597465,0.0,0.0,663157261.4070911,0.0,16.856433718502497,16009068.587443842,2.3169757416423296,43405527835.779945,4173608.4457480717,986091.5127908966
2027-11-12,True,18526.06957596516,239474.72264275752,8613947,0.0,0.0,663157261.4070911,0.0,15.60043002018903,14225277.687831886,2.331947524078203,39913391124.70472,3837826.069683146,986091.5127908966
2027-11-13,False,18526.06957596516,268211.68935988843,8630266,0.0,0.0,663157261.4070911,0.0,15.60043002018903,0.0,2.2736193019448176,44703887799.49054,4298450.749951013,986091.5127908966
2027-11-14,False,18526.06957596516,236026.2866367018,8646423,0.0,0.0,663157261.4070911,0.0,15.60043002018903,0.0,2.247461145145071,39339421263.551674,3782636.6599568916,986091.5127908966
2027-11-15,True,18526.430732015393,245323.31645289782,8662419,0.0,0.0,663157261.4070911,0.0,14.928377720691994,14061130.65540254,2.1782465088760667,40888993464.38917,3931633.9869604968,986091.5127908966
2027-11-16,True,18692.361507940415,274762.1144272456,8678255,0.0,0.0,665857530.4397296,165.60831516588456,16.85124344712112,13501345.16319206,2.1953303192892024,45796565442.835724,4403515.907964974,986091.5127908966
2027-11-17,True,18692.727155569868,242583.27650678565,8693932,0.0,0.0,665857530.4397296,0.0,14.81458725268945,13926103.494973581,2.1754336529592133,40795224868.48552,3922617.7758159153,986091.5127908966
2027-11-18,True,18693.124259589276,223367.1674534138,8709450,0.0,0.0,665857530.4397296,0.0,14.090181655166479,14958579.274986235,2.247014650846681,37564386979.94129,3611960.2865328165,986091.5127908966
2027-11-19,True,18877.856614781645,250171.22754782348,8724811,0.0,0.0,668734459.448894,184.37699857973203,16.033006000266663,14384645.045822253,2.282848119568693,42073007187.88698,4045481.460373748,986091.5127908966
2027-11-20,False,18877.856614781645,249505.4840313336,8740016,0.0,0.0,668734459.448894,0.0,16.033006000266663,0.0,2.2803460954301444,42375719078.8932,4074588.3729705005,986091.5127908966
2027-11-21,False,18877.856614781645,233670.8705322708,8755065,0.0,0.0,668734459.448894,0.0,16.033006000266663,0.0,2.301155700216171,39686386874.57633,3815998.737940032,986091.5127908966
2027-11-22,True,19066.901546081626,261711.37499614334,8769960,0.0,0.0,671633007.7469977,188.7048620156341,17.038256336414438,14492741.490518631,2.30623504984239,44448753299.52549,4273918.586492836,986091.5127908966
2027-11-23,True,19067.27496899602,238603.46156071417,8784701,0.0,0.0,671633007.7469977,0.0,15.796628471701064,15743803.538637012,2.3320592031876592,40929945471.70695,3935571.679971822,986091.5127908966
2027-11-24,True,19272.55605869063,243906.57763334565,8799290,0.0,0.0,674686928.4045874,204.91537590015065,16.365915701197146,15269603.287948105,2.36352499487997,41840459375.022766,4023121.093752189,986091.5127908966
2027-11-25,True,19483.85540959256,271082.3683095298,8813727,0.0,0.0,677843456.6075361,210.9702996229587,18.118111034566063,15782641.0147432,2.339777843673208,47002925634.18005,4519512.08020962,986091.5127908966
2027-11-26,True,19484.22156526958,243885.33513030427,8828014,0.0,0.0,677843456.6075361,0.0,16.312347505767555,15365652.431431236,2.3269405504545113,42750863080.7989,4110659.9116152786,986091.5127908966
2027-11-27,False,19484.22156526958,273151.57534594083,8842151,0.0,0.0,677843456.6075361,0.0,16.312347505767555,0.0,2.3213533398435837,47881866466.6447,4604025.62179276,986091.5127908966
2027-11-28,False,19484.22156526958,247035.41225817922,8856140,0.0,0.0,677843456.6075361,0.0,16.312347505767555,0.0,2.2842317956133837,43303856502.74244,4163832.356032927,986091.5127908966
2027-11-29,True,19484.568200461475,258196.51925902138,8869982,0.0,0.0,677843456.6075361,0.0,16.77389108192447,14187250.93335151,2.2601110777776303,45260332991.510376,4351955.095337536,986091.5127908966
2027-11-30,True,19484.934769426243,244428.7667850059,8883677,0.0,0.0,677843456.6075361,0.0,15.788085965579555,14981564.517641604,2.2470657906357405,42847689135.40828,4119970.109173873,986091.5127908966
2027-12-01,True,19669.646131573965,257610.42238704165,8897227,0.0,0.0,680729482.851673,184.36316195004107,16.456493463649664,14430131.22068461,2.2223083790409928,45159246610.170334,4342235.250977917,986091.5127908966
2027-12-02,True,19669.991287011395,259882.9115022047,8910632,0.0,0.0,680729482.851673,0.0,16.611306835603468,15205184.332871005,2.2120966120734176,45989487768.70153,4422066.131605917,986091.5127908966
2027-12-03,True,19670.383946359238,228696.96212194013,8923895,0.0,0.0,680729482.851673,0.0,14.479555860829507,14812289.52593673,2.1911153333426787,40471459401.707016,3891486.480933367,986091.5127908966
2027-12-04,False,19670.383946359238,230040.37908177634,8937015,0.0,0.0,680729482.851673,0.0,14.479555860829507,0.0,2.072415945853448,40710010431.692505,3914424.0799704334,986091.5127908966
2027-12-05,False,19670.383946359238,257645.22457158953,8949994,0.0,0.0,680729482.851673,0.0,14.479555860829507,0.0,2.069098877806207,45595211683.49561,4384154.969566886,986091.5127908966
2027-12-06,True,19670.753556018706,243770.68534901488,8962833,0.0,0.0,680729482.851673,0.0,14.168625336726265,14120949.550424358,2.0114440721847813,43139848678.35489,4148062.3729187394,986091.5127908966
2027-12-07,True,19821.982498700872,259416.59763159754,8975532,0.0,0.0,683362680.5014935,150.88201037011777,14.864549866471453,13165988.249102201,1.9829308360791895,45909552392.48366,4414380.037738813,986091.5127908966
2027-12-08,True,19967.962531902973,290546.5893473893,8988094,0.0,0.0,685931678.807845,145.66958385144048,16.47482626012207,12844991.531757727,1.9548310599927385,51814006129.967964,4982115.974035381,986091.5127908966
2027-12-09,True,19968.3089346486,260390.54579827044,9000519,0.0,0.0,685931678.807845,0.0,14.607225726998097,12635337.599151693,1.927035148526006,46778174224.41393,4497901.367732109,986091.5127908966
2027-12-10,True,19968.66709175721,252123.9920405898,9012808,0.0,0.0,685931678.807845,0.0,13.802874318105836,13136273.349217739,1.880593505851513,45293904928.01127,4355183.166154929,986091.5127908966
2027-12-11,False,19968.66709175721,237780.24589141028,9024963,0.0,0.0,685931678.807845,0.0,13.802874318105836,0.0,1.884029016434581,42717826802.668396,4107483.3464104226,986091.5127908966
2027-12-12,False,19968.66709175721,225396.98122249983,9036984,0.0,0.0,685931678.807845,0.0,13.802874318105836,0.0,1.8356739102986939,40493141764.61988,3893571.3235211424,986091.5127908966
2027-12-13,True,19969.10511230645,206611.31117399049,9048872,0.0,0.0,685931678.807845,0.0,10.928631535516498,12663794.333756195,1.8169520818299514,37118248293.146324,3569062.3358794544,986091.5127908966
2027-12-14,True,20079.534385499897,231404.66851486938,9060629,0.0,0.0,688148616.5721995,110.03775127393946,11.485775454360677,11084688.821772262,1.7049453500614347,41573349996.068214,3997437.4996219436,986091.5127908966
2027-12-15,True,20190.20027245269,259173.22873665372,9072255,0.0,0.0,690468034.6144639,110.31592796805441,12.32677107428503,11597090.21132247,1.630000713992986,46819640980.41965,4501888.555809582,986091.5127908966
2027-12-16,True,20292.89983110199,290274.01618505217,9083752,0.0,0.0,692723885.1754408,102.38709527006613,13.174770467372783,11279252.804884069,1.552164858224043,52727003481.36725,5069904.180900697,986091.5127908966
2027-12-17,True,20293.25529460347,255441.1342428459,9095121,0.0,0.0,692723885.1754408,0.0,11.760651437996968,10430844.257756915,1.5716527449238866,46635780295.91196,4484209.6438376885,986091.5127908966
2027-12-18,False,20293.25529460347,263604.77694133535,9106362,0.0,0.0,692723885.1754408,0.0,11.760651437996968,0.0,1.5281428584348142,48127056114.87718,4627601.549507421,986091.5127908966
2027-12-19,False,20293.25529460347,295237.3501742956,9117478,0.0,0.0,692723885.1754408,0.0,11.760651437996968,0.0,1.452538244229833,53902302848.66244,5182913.735448311,986091.5127908966
2027-12-20,True,20293.595434865783,267536.69024898484,9128468,0.0,0.0,692723885.1754408,0.0,10.82465210020857,9666438.93030409,1.381144253007428,48844916445.755,4696626.5813225955,986091.5127908966
2027-12-21,True,20293.935378981783,267985.22378416994,9139334,0.0,0.0,692723885.1754408,0.0,10.393470029469047,9342222.867597245,1.3238868968985478,48927626533.06317,4704579.474332998,986091.5127908966
2027-12-22,True,20294.27866627084,265666.6964006735,9150078,0.0,0.0,692723885.1754408,0.0,10.239943587068282,9101908.303868452,1.3156923152571964,48505131965.87181,4663954.996718443,986091.5127908966
2027-12-23,True,20294.625927014244,262626.86391251144,9160700,0.0,0.0,692723885.1754408,0.0,9.935923662498823,9697860.348022958,1.2913847139580164,47950933820.71488,4610666.713530277,986091.5127908966
2027-12-24,True,20360.668161454178,285957.14655550214,9171201,0.0,0.0,694518085.693583,65.72330553363359,10.474887685381624,8971002.590711117,1.2503382923507222,52211516498.745735,5020338.124879397,986091.5127908966
2027-12-25,False,20360.668161454178,295375.73491168395,9181582,0.0,0.0,694518085.693583,0.0,10.474887685381624,0.0,1.2318875834085008,54106711988.7626,5202568.460457942,986091.5127908966
2027-12-26,False,20360.668161454178,259930.64672228188,9191845,0.0,0.0,694518085.693583,0.0,10.474887685381624,0.0,1.2578705357517401,47613906550.11109,4578260.245202989,986091.5127908966
2027-12-27,True,20361.020411942238,259758.3342010925,9201990,0.0,18403980.0,696403547.8827103,0.0,9.760991286979051,9439608.25544336,1.2817873117802503,47582342467.98079,4575225.237305845,1885462.1891272976
2027-12-28,True,20425.20911333322,290929.33430522366,9212019,0.0,0.0,698083355.2717242,63.87384830056052,11.06244459164109,8399036.945069209,1.3005439434691386,53293145548.21148,5124340.918097258,1885462.1891272976
2027-12-29,True,20425.560427218912,260735.49532554363,9221933,0.0,0.0,698083355.2717242,0.0,10.256119554217,10375038.527858382,1.3443850929047507,47912736022.40133,4606993.84830782,1885462.1891272976
2027-12-30,True,20425.90836103171,263555.87363814056,9231732,0.0,0.0,698083355.2717242,0.0,10.512344141614403,9617606.430730917,1.3632018669655355,48431841553.97469,4656907.841728336,1885462.1891272976
2027-12-31,True,20499.03779201283,295182.57847471745,9241418,0.0,0.0,699953140.4185642,72.81843701773946,11.495830970591712,9348925.734199785,1.3309923254617568,54244586539.79038,5215825.628825998,1885462.1891272976
